company_name,cin,financial_year,cohort,sector,revenue,pat,interest_expense,depreciation,tax_expense,ebitda,total_equity,total_borrowings,current_assets,current_liabilities,total_assets,cash_and_equivalents,inventory,receivables,retained_earnings,cfo,cfi,cff,net_cash_change,capex,opinion_type,going_concern_uncertainty,emphasis_of_matter,fraud_reported,auditor_name,related_party_transactions_amount,contingent_liabilities_amount,rpt_count,pending_legal_cases_count,promoter_holding_pct
ABG Shipyard Ltd,L61200GJ1985PLC007730,2016,defaulter,Shipbuilding,34.17,-3704.71,857.13,81.51,-19.38,-2784.45,-2822.21,8730.67,8019.63,8888.17,11092.25,94.72,5007.53,81.99,-3246.61,-680.83,-374.27,1074.45,19.34,,unqualified,0,0,0,Nisar & Kumar,,1948.64,,,33.26
ABG Shipyard Ltd,L61200GJ1985PLC007730,2015,defaulter,Shipbuilding,385.73,-897.70,804.78,99.18,-288.19,-282.53,802.48,6613.96,9097.64,7170.51,12354.59,50.85,4950.41,79.53,453.03,-885.86,-445.81,1187.51,-144.16,,unqualified,0,0,0,Nisar & Kumar,,2001.65,,,58.67
ABG Shipyard Ltd,L61200GJ1985PLC007730,2014,defaulter,Shipbuilding,1468.87,-199.30,608.93,91.78,-96.87,4.54,1369.85,4877.53,8677.67,7482.45,12187.84,182.55,4351.24,129.93,1277.94,-232.48,-330.64,720.12,157.00,,unqualified,0,0,0,Nisar & Kumar,,1550.64,,,67.92
Alok Industries Ltd,L17110DN1986PLC000334,2016,defaulter,Textiles,11749.0,-4206.0,2705.0,1016.0,-6360.0,-2639.0,6430.0,20102.0,,,32692.0,,,,5072.0,-2518.0,79.0,2365.0,-75.0,,,,,,,,,,,
Alok Industries Ltd,L17110DN1986PLC000334,2015,defaulter,Textiles,22130.72,348.76,3251.16,1461.21,209.28,5270.41,5415.82,13267.59,18879.27,13059.48,29352.44,634.75,8284.58,7531.75,4038.49,3374.0,-736.0,-3274.0,-636.0,,,,,,,,1853.02,,,
Alok Industries Ltd,L17110DN1986PLC000334,2013,defaulter,Textiles,19917.75,920.16,2260.66,1360.77,479.74,5021.33,5088.12,13726.18,13226.63,9699.61,24731.69,882.65,5726.47,5025.96,3710.99,,,,,,,,,,,,3195.14,,,
Asian Star Company Ltd,L36910MH1995PLC086017,2017,defaulter,Gems & Jewellery,2697.0,44.0,27.0,16.0,67.0,110.0,648.0,779.0,,,1776.0,,,,632.0,129.0,-41.0,-67.0,21.0,,,,,,,,,,,
Asian Star Company Ltd,L36910MH1995PLC086017,2016,defaulter,Gems & Jewellery,2373.0,40.0,21.0,14.0,56.0,91.0,608.0,821.0,,,1758.0,,,,592.0,58.0,-15.0,-31.0,11.0,,,,,,,,,,,
Asian Star Company Ltd,L36910MH1995PLC086017,2015,defaulter,Gems & Jewellery,2274.0,43.0,24.0,15.0,61.0,100.0,501.0,839.0,,,1660.0,,,,485.0,22.0,-14.0,-10.0,-2.0,,,,,,,,,,,
Bhushan Steel Limited,L27109DL1990PLC040690,2016,defaulter,Steel & Metals,11802.63,-2839.37,4582.30,1099.74,-734.48,2108.20,4724.82,42355.53,12429.68,15832.87,54159.06,163.33,8808.58,2351.16,4498.02,-270.28,-119.17,465.93,76.48,-755.21,,,,,,,,,,2907.58
Bhushan Steel Limited,L27109DL1990PLC040690,2015,defaulter,Steel & Metals,10645.77,-1253.83,2494.03,938.40,-1.12,2177.48,7880.57,38529.27,11665.82,12089.86,52907.52,86.84,7321.23,2398.29,7705.05,2173.23,-1402.79,-766.56,3.88,-1717.24,1345.83,,,,,,,,,
Bhushan Steel Limited,L27109DL1990PLC040690,2014,defaulter,Steel & Metals,9675.83,61.96,1663.30,963.96,33.37,2722.59,9153.13,31839.18,10453.04,12804.69,51060.74,82.96,6480.25,2464.45,9004.10,2311.36,-5031.11,2649.09,-70.67,-4887.47,,,,,,,,,,2907.58
Cox & Kings Limited,L63040MH1939PLC011352,2018,defaulter,Travel / Aviation / Hospitality,2623.0,176.0,111.0,31.0,280.0,422.0,3010.0,1989.0,,,5433.0,,,,2922.0,-637.0,134.0,579.0,76.0,,,,,,,,,,,
Cox & Kings Limited,L63040MH1939PLC011352,2017,defaulter,Travel / Aviation / Hospitality,3117.0,181.0,69.0,25.0,277.0,371.0,2856.0,1283.0,,,4504.0,,,,2768.0,-134.0,-57.0,154.0,-38.0,,,,,,,,,,,
Cox & Kings Limited,L63040MH1939PLC011352,2016,defaulter,Travel / Aviation / Hospitality,2848.0,165.0,59.0,30.0,254.0,343.0,2529.0,1231.0,,,4170.0,,,,2444.0,253.0,-778.0,624.0,99.0,,,,,,,,,,,
Deccan Chronicle Holdings,L22122TG2002PLC040110,2012,defaulter,Media,786.08,-1040.40,733.88,81.23,-82.98,-308.28,10.01,3902.90,311.32,4042.16,4217.55,15.87,21.08,131.15,-31.78,90.52,-114.41,-664.03,-687.92,,,,,,,,142.70,,,
Deccan Chronicle Holdings,L22122TG2002PLC040110,2011,defaulter,Media,976.16,162.58,59.01,51.57,74.30,347.47,1280.14,713.47,1225.47,559.67,2208.60,703.80,133.41,245.11,1231.45,140.31,-35.07,6.92,112.15,,,,,,,,1.64,,,
Deccan Chronicle Holdings,L22122TG2002PLC040110,2010,defaulter,Media,892.50,260.92,44.29,42.25,132.73,480.19,1258.01,342.32,1034.74,373.06,2053.09,591.64,62.04,195.55,1209.57,399.65,-34.37,-133.32,231.97,,,,,,,,,,,
Elder Pharmaceuticals Ltd,L24239MH1983PLC029714,2014,defaulter,Pharma,483.47,7.92,260.06,29.16,9.93,-72.97,785.60,544.64,721.30,786.48,1935.77,538.39,27.90,84.47,765.03,1153.39,-14.99,-687.85,450.55,,,,,,,,166.95,,,
Elder Pharmaceuticals Ltd,L24239MH1983PLC029714,2013,defaulter,Pharma,1233.10,93.74,137.97,36.52,21.97,295.28,777.83,972.26,698.23,840.22,2208.23,87.83,159.26,328.37,757.26,-26.84,-48.17,33.51,-41.50,,,,,,,,217.81,,,
Elder Pharmaceuticals Ltd,L24239MH1983PLC029714,2012,defaulter,Pharma,984.69,84.07,89.02,27.64,19.44,226.46,691.76,780.87,718.36,582.50,1714.34,129.34,221.25,284.47,671.19,19.48,-145.18,3.36,-122.34,,,,,,,,300.86,,,
Era Infra Engineering,L74899DL1990PLC041350,2017,defaulter,Infrastructure,1211.0,-1295.0,897.0,194.0,-1295.0,-204.0,-1757.0,7769.0,,,8132.0,,,,-1823.0,257.0,-245.0,-23.0,-11.0,,,,,,,,,,,
Era Infra Engineering,L74899DL1990PLC041350,2016,defaulter,Infrastructure,1211.0,-1316.0,751.0,196.0,-1316.0,-369.0,-464.0,7297.0,,,8569.0,,,,-530.0,530.0,-1.0,-552.0,-23.0,,,,,,,,,,,
Era Infra Engineering,L74899DL1990PLC041350,2015,defaulter,Infrastructure,1698.0,-657.0,658.0,198.0,-656.0,200.0,847.0,6693.0,,,8963.0,,,,781.0,248.0,-45.0,-165.0,38.0,,,,,,,,,,,
Gammon India Ltd,L74999DL1922PLC000997,2017,defaulter,Infrastructure,712.02,-1659.92,518.90,32.65,-2.80,193.92,643.58,3141.31,369.99,2767.75,5970.79,51.79,146.27,60.46,569.47,125.62,34.48,-191.64,-68.79,,,,,,,,3395.60,,,
Gammon India Ltd,L74999DL1922PLC000997,2016,defaulter,Infrastructure,5933.92,100.52,1028.17,261.47,89.12,1535.33,2305.71,4715.00,2587.91,4526.02,10198.10,120.53,1031.82,680.59,2232.43,4.13,-212.88,249.96,31.68,,,,,,,,5126.80,,,
Gammon India Ltd,L74999DL1922PLC000997,2014,defaulter,Infrastructure,2908.63,67.80,452.72,81.85,9.64,612.01,1092.04,4746.10,4632.26,3772.14,9067.84,90.71,1722.51,1352.20,1064.54,-21.03,-12.10,53.62,20.49,,,,,,,,6075.75,,,
Gitanjali Gems Limited,L36911MH1986PLC040689,2017,defaulter,Gems & Jewellery,10464.77,39.72,477.67,16.53,-0.56,533.36,3485.30,5271.37,11647.74,9256.57,13025.76,175.48,2530.55,8567.02,3287.72,549.56,10.49,-534.95,25.11,,unqualified,0,1,0,Ford Rhodes Parks & Co. LLP,,2863.13,,,31.04
Gitanjali Gems Limited,L36911MH1986PLC040689,2016,defaulter,Gems & Jewellery,10750.72,44.86,463.52,19.88,-4.99,523.26,3372.00,5586.12,9380.35,6829.37,10784.34,134.29,1835.66,6910.15,3225.88,687.60,24.08,-681.48,30.19,,,,,,Ford Rhodes Parks & Co. LLP,,3325.22,,,34.89
Gitanjali Gems Limited,L36911MH1986PLC040689,2015,defaulter,Gems & Jewellery,7157.93,18.86,523.65,4.59,-0.32,546.78,2914.28,5034.51,7795.88,5837.15,9432.00,70.11,2025.85,5423.80,2773.54,251.37,-1.59,-310.17,-60.38,,,,,,Ford Rhodes Parks & Co. LLP,,4223.32,,,35.26
HCC (Hindustan Construction Co Ltd),L26922MH1926PLC000407,2018,defaulter,Infrastructure,4013.14,77.53,659.97,122.94,34.44,894.88,2774.94,3311.13,5955.72,6077.03,11226.23,197.44,179.33,2397.79,2673.39,1317.63,,,,,-12.80,,,,,,,,,887.16
HCC (Hindustan Construction Co Ltd),L26922MH1926PLC000407,2017,defaulter,Infrastructure,3716.84,59.41,772.37,125.28,37.55,994.61,2689.98,3980.91,6114.01,5604.14,11203.98,119.61,233.31,2086.55,2588.90,639.48,,,,,-207.88,,,,,,,,,868.95
HCC (Hindustan Construction Co Ltd),L26922MH1926PLC000407,2016,defaulter,Infrastructure,3708.41,94.76,701.71,152.47,45.66,994.60,1803.32,4661.35,4560.13,5535.87,10013.74,95.36,173.47,503.84,1725.40,370.96,,,,,-23.74,,,,,,,,,939.67
Hanung Toys and Textiles,L74999DL1990PLC041722,2017,defaulter,Textiles,9.0,-110.0,0.0,52.0,-86.0,-34.0,-2235.0,2148.0,,,658.0,,,,-2266.0,18.0,0.0,-18.0,-0.0,,,,,,,,,,,
Hanung Toys and Textiles,L74999DL1990PLC041722,2016,defaulter,Textiles,93.0,-1093.0,278.0,53.0,-958.0,-627.0,-2125.0,2193.0,,,780.0,,,,-2156.0,-18.0,2.0,7.0,-9.0,,,,,,,,,,,
Hanung Toys and Textiles,L74999DL1990PLC041722,2015,defaulter,Textiles,127.0,-1267.0,272.0,62.0,-1267.0,-933.0,-1031.0,2568.0,,,1566.0,,,,-1062.0,-10.0,5.0,10.0,5.0,,,,,,,,,,,
IVRCL Limited,L45201AP1987PLC007959,2016,defaulter,Infrastructure,2362.0,-1068.0,678.0,80.0,-1108.0,-350.0,436.0,4961.0,,,8437.0,,,,290.0,-130.0,-44.0,152.0,-22.0,,,,,,,,,,,
IVRCL Limited,L45201AP1987PLC007959,2015,defaulter,Infrastructure,3117.0,-672.0,653.0,90.0,-672.0,71.0,1136.0,4760.0,,,8871.0,,,,1044.0,-410.0,-71.0,479.0,-2.0,,,,,,,,,,,
IVRCL Limited,L45201AP1987PLC007959,2014,defaulter,Infrastructure,4305.0,-717.0,585.0,88.0,-697.0,-24.0,1450.0,3990.0,,,8359.0,,,,1389.0,-509.0,-118.0,650.0,23.0,,,,,,,,,,,
JVL Agro Industries,L15140UP1989PLC011396,2018,defaulter,FMCG / Foods / Agro,3190.0,80.0,94.0,20.0,-325.0,-211.0,-381.0,1040.0,,,1629.0,,,,-398.0,-295.0,-9.0,243.0,-61.0,,,,,,,,,,,
JVL Agro Industries,L15140UP1989PLC011396,2017,defaulter,FMCG / Foods / Agro,3857.0,32.0,70.0,18.0,36.0,124.0,603.0,413.0,,,2184.0,,,,586.0,-130.0,24.0,139.0,33.0,,,,,,,,,,,
JVL Agro Industries,L15140UP1989PLC011396,2016,defaulter,FMCG / Foods / Agro,4110.0,48.0,64.0,18.0,57.0,139.0,571.0,275.0,,,2156.0,,,,554.0,-204.0,18.0,-1.0,-186.0,,,,,,,,,,,
Jaiprakash Associates Ltd,L14106UP1995PLC019017,2016,defaulter,Cement,8656.0,-2821.0,3757.0,914.0,-3989.0,682.0,11924.0,27765.0,,,49614.0,,,,11438.0,3892.0,519.0,-4762.0,-351.0,,,,,,,,,,,
Jaiprakash Associates Ltd,L14106UP1995PLC019017,2015,defaulter,Cement,11050.0,-1279.0,3563.0,949.0,-1832.0,2680.0,18395.0,30886.0,,,57069.0,,,,17909.0,1011.0,-105.0,-858.0,49.0,,,,,,,,,,,
Jaiprakash Associates Ltd,L14106UP1995PLC019017,2014,defaulter,Cement,13116.0,414.0,2863.0,774.0,340.0,3977.0,13697.0,28164.0,,,48852.0,,,,13253.0,263.0,-1638.0,943.0,-432.0,,,,,,,,,,,
Jaypee Infratech Ltd,L45203UP2007PLC033119,2016,defaulter,Infrastructure,2800.0,-357.0,1031.0,34.0,-455.0,610.0,6008.0,9149.0,,,18300.0,,,,4619.0,1135.0,-230.0,-959.0,-54.0,,,,,,,,,,,
Jaypee Infratech Ltd,L45203UP2007PLC033119,2015,defaulter,Infrastructure,3248.0,355.0,897.0,28.0,429.0,1354.0,6352.0,8753.0,,,19563.0,,,,4963.0,2053.0,251.0,-2600.0,-296.0,,,,,,,,,,,
Jaypee Infratech Ltd,L45203UP2007PLC033119,2014,defaulter,Infrastructure,3319.0,299.0,896.0,21.0,400.0,1317.0,6055.0,8436.0,,,20360.0,,,,4666.0,528.0,516.0,-907.0,137.0,,,,,,,,,,,
Jyoti Structures Ltd,L45200MH1974PLC017494,2016,defaulter,Infrastructure,2492.0,-501.0,572.0,53.0,-500.0,125.0,105.0,3636.0,,,5979.0,,,,83.0,-1591.0,-95.0,441.0,-1246.0,,,,,,,,,,,
Jyoti Structures Ltd,L45200MH1974PLC017494,2015,defaulter,Infrastructure,2782.0,-270.0,421.0,34.0,-270.0,185.0,600.0,2660.0,,,5130.0,,,,578.0,-1098.0,-83.0,1170.0,-12.0,,,,,,,,,,,
Jyoti Structures Ltd,L45200MH1974PLC017494,2014,defaulter,Infrastructure,3326.0,32.0,288.0,27.0,52.0,367.0,753.0,1259.0,,,4206.0,,,,737.0,59.0,-51.0,44.0,53.0,,,,,,,,,,,
Kingfisher Airlines,L85110KA1995PLC018045,2014,defaulter,Travel / Aviation / Hospitality,,,,,,,,,,,,,,,,,,,,,,,,,,,,,,
Kingfisher Airlines,L85110KA1995PLC018045,2013,defaulter,Travel / Aviation / Hospitality,495.0,-4301.0,1436.0,239.0,-4301.0,-2626.0,-13473.0,9960.0,,,2837.0,,,,-14282.0,-1391.0,-70.0,1297.0,-163.0,,,,,,,,,,,
Kingfisher Airlines,L85110KA1995PLC018045,2012,defaulter,Travel / Aviation / Hospitality,5469.0,-2328.0,1276.0,342.0,-3446.0,-1828.0,-5635.0,9272.0,,,9120.0,,,,-6213.0,-886.0,-388.0,1203.0,-70.0,,,,,,,,,,,
Kwality Ltd,L74899DL1992PLC255519,2017,defaulter,FMCG / Foods / Agro,6131.0,164.0,172.0,22.0,234.0,428.0,999.0,1508.0,,,2745.0,,,,975.0,238.0,-275.0,83.0,47.0,,,,,,,,,,,
Kwality Ltd,L74899DL1992PLC255519,2016,defaulter,FMCG / Foods / Agro,5658.0,135.0,151.0,23.0,205.0,379.0,763.0,1335.0,,,2261.0,,,,741.0,9.0,-100.0,107.0,15.0,,,,,,,,,,,
Kwality Ltd,L74899DL1992PLC255519,2015,defaulter,FMCG / Foods / Agro,5268.0,141.0,136.0,25.0,170.0,331.0,608.0,1098.0,,,1855.0,,,,586.0,192.0,-164.0,-17.0,12.0,,,,,,,,,,,
Lanco Infratech Ltd,L45200TG1993PLC015545,2016,defaulter,Infrastructure,2671.0,-453.0,933.0,110.0,-453.0,590.0,1905.0,7573.0,,,18839.0,,,,1631.0,-1593.0,786.0,528.0,-279.0,,,,,,,,,,,
Lanco Infratech Ltd,L45200TG1993PLC015545,2015,defaulter,Infrastructure,1396.0,-672.0,772.0,121.0,-718.0,175.0,2030.0,6799.0,,,20491.0,,,,1785.0,43.0,-211.0,358.0,190.0,,,,,,,,,,,
Lanco Infratech Ltd,L45200TG1993PLC015545,2014,defaulter,Infrastructure,2236.0,-960.0,628.0,117.0,-960.0,-215.0,2674.0,5695.0,,,19182.0,,,,2435.0,-183.0,61.0,198.0,76.0,,,,,,,,,,,
Mawana Sugars Ltd,L15421DL2002PLC118184,2023,defaulter,FMCG / Foods / Agro,1482.0,17.0,28.0,36.0,19.0,83.0,417.0,383.0,,,1061.0,,,,378.0,109.0,-39.0,-76.0,-6.0,,,,,,,,,,,
Mawana Sugars Ltd,L15421DL2002PLC118184,2022,defaulter,FMCG / Foods / Agro,1478.0,33.0,26.0,40.0,45.0,111.0,413.0,417.0,,,1075.0,,,,374.0,-151.0,-14.0,107.0,-57.0,,,,,,,,,,,
Mawana Sugars Ltd,L15421DL2002PLC118184,2021,defaulter,FMCG / Foods / Agro,1469.0,74.0,35.0,48.0,107.0,190.0,392.0,276.0,,,1401.0,,,,353.0,164.0,121.0,-243.0,43.0,,,,,,,,,,,
Metalyst Forgings,L28910MH1977PLC019569,2016,defaulter,Engineering / Manufacturing,869.0,-273.0,198.0,142.0,-360.0,-20.0,811.0,2767.0,,,4607.0,,,,774.0,158.0,-58.0,-99.0,1.0,,,,,,,,,,,
Metalyst Forgings,L28910MH1977PLC019569,2015,defaulter,Engineering / Manufacturing,2345.0,-54.0,368.0,190.0,-81.0,477.0,1081.0,2862.0,,,4814.0,,,,1044.0,745.0,-400.0,-436.0,-91.0,,,,,,,,,,,
Metalyst Forgings,L28910MH1977PLC019569,2014,defaulter,Engineering / Manufacturing,2395.0,193.0,199.0,137.0,282.0,618.0,1096.0,2563.0,,,4212.0,,,,1059.0,331.0,-339.0,-96.0,-104.0,,,,,,,,,,,
Nakoda Limited,L17111GJ1984PLC045995,2020,defaulter,Textiles,25.09,0.03,2.42,0.98,0.11,3.51,13.89,21.74,,,38.36,,,,7.04,3.43,-2.52,-0.85,0.06,,,,,,,,,,,
Nakoda Limited,L17111GJ1984PLC045995,2019,defaulter,Textiles,51.98,0.88,2.07,0.87,0.97,3.91,13.86,20.65,,,37.88,,,,7.01,0.72,-0.78,0.17,0.11,,,,,,,,,,,
Nakoda Limited,L17111GJ1984PLC045995,2018,defaulter,Textiles,48.3,1.0,1.88,0.62,1.41,3.91,6.51,24.97,,,33.83,,,,1.51,-0.55,-5.22,5.75,-0.02,,,,,,,,,,,
PC Jeweller Ltd,L36911DL2005PLC134929,2022,defaulter,Gems & Jewellery,1573.0,-390.0,442.0,26.0,-508.0,-40.0,3883.0,3391.0,,,7538.0,,,,3418.0,-727.0,118.0,575.0,-34.0,,,,,,,,,,,
PC Jeweller Ltd,L36911DL2005PLC134929,2021,defaulter,Gems & Jewellery,2668.0,61.0,396.0,33.0,4.0,433.0,4275.0,2414.0,,,7864.0,,,,3810.0,97.0,98.0,-155.0,40.0,,,,,,,,,,,
PC Jeweller Ltd,L36911DL2005PLC134929,2020,defaulter,Gems & Jewellery,4939.0,78.0,374.0,35.0,124.0,533.0,4002.0,2426.0,,,7882.0,,,,3607.0,60.0,41.0,-169.0,-68.0,,,,,,,,,,,
PSL Limited,L67120DD1987PLC002395,2018,defaulter,Engineering / Manufacturing,218.0,68.0,0.0,8.0,101.0,109.0,412.0,0.0,,,439.0,,,,393.0,70.0,-71.0,-0.0,-0.0,,,,,,,,,,,
PSL Limited,L67120DD1987PLC002395,2017,defaulter,Engineering / Manufacturing,224.0,69.0,0.0,5.0,101.0,106.0,345.0,0.0,,,368.0,,,,326.0,50.0,-50.0,-0.0,-1.0,,,,,,,,,,,
PSL Limited,L67120DD1987PLC002395,2016,defaulter,Engineering / Manufacturing,224.0,71.0,0.0,4.0,104.0,108.0,275.0,0.0,,,298.0,,,,256.0,50.0,-9.0,-49.0,-9.0,,,,,,,,,,,
Parekh Aluminex,L27203MH1994PLC080732,2012,defaulter,Engineering / Manufacturing,1369.75,84.66,71.44,59.92,35.68,251.70,446.10,994.10,893.65,766.17,1576.36,43.18,335.50,346.17,433.16,-265.37,-184.57,455.39,5.45,,,,,,,,130.13,,,
Parekh Aluminex,L27203MH1994PLC080732,2011,defaulter,Engineering / Manufacturing,902.35,67.25,36.31,44.19,13.95,161.70,368.32,536.55,431.51,271.22,988.55,37.73,175.22,194.21,355.38,-19.46,-109.83,127.09,-2.20,,,,,,,,139.42,,,
Parekh Aluminex,L27203MH1994PLC080732,2010,defaulter,Engineering / Manufacturing,634.16,45.39,26.80,25.17,12.99,110.51,306.34,405.94,316.08,217.21,806.91,39.92,109.53,128.78,293.40,36.84,-219.49,194.90,12.26,,,,,,,,0.20,,,
Pratibha Industries,L45200MH1995PLC090760,2017,defaulter,Infrastructure,1061.0,-824.0,466.0,49.0,-923.0,-408.0,338.0,4308.0,,,5480.0,,,,290.0,-104.0,-664.0,768.0,1.0,,,,,,,,,,,
Pratibha Industries,L45200MH1995PLC090760,2016,defaulter,Infrastructure,2819.0,47.0,421.0,54.0,90.0,565.0,747.0,3487.0,,,5746.0,,,,727.0,-182.0,-626.0,766.0,-41.0,,,,,,,,,,,
Pratibha Industries,L45200MH1995PLC090760,2015,defaulter,Infrastructure,2405.0,62.0,188.0,56.0,93.0,337.0,739.0,1875.0,,,3899.0,,,,719.0,-7.0,-96.0,144.0,40.0,,,,,,,,,,,
Punj Lloyd Ltd,L74899DL1988PLC033314,2018,defaulter,Infrastructure,4059.0,317.0,976.0,121.0,-882.0,215.0,-1958.0,5340.0,,,9040.0,,,,-2025.0,258.0,-97.0,-314.0,-152.0,,,,,,,,,,,
Punj Lloyd Ltd,L74899DL1988PLC033314,2017,defaulter,Infrastructure,3761.0,-851.0,882.0,125.0,-899.0,108.0,203.0,6422.0,,,12009.0,,,,136.0,543.0,-26.0,-469.0,47.0,,,,,,,,,,,
Punj Lloyd Ltd,L74899DL1988PLC033314,2016,defaulter,Infrastructure,3348.0,-1514.0,898.0,228.0,-1495.0,-369.0,1983.0,6212.0,,,12920.0,,,,1917.0,-433.0,172.0,392.0,131.0,,,,,,,,,,,
REI Agro,L14200WB1994PLC104573,2016,defaulter,FMCG / Foods / Agro,522.0,-1076.0,185.0,105.0,-1137.0,-847.0,-3890.0,5882.0,,,3069.0,,,,-3986.0,90.0,1.0,-155.0,-64.0,,,,,,,,,,,
REI Agro,L14200WB1994PLC104573,2015,defaulter,FMCG / Foods / Agro,1856.0,-5494.0,315.0,105.0,-5494.0,-5074.0,-2814.0,5852.0,,,4037.0,,,,-2910.0,-36.0,0.0,-86.0,-123.0,,,,,,,,,,,
REI Agro,L14200WB1994PLC104573,2014,defaulter,FMCG / Foods / Agro,4523.0,-38.0,650.0,69.0,-40.0,679.0,2551.0,5624.0,,,9390.0,,,,2455.0,1001.0,-558.0,-445.0,-2.0,,,,,,,,,,,
Shree Ganesh Jewellery House,L36911WB2002PLC095086,2015,defaulter,Gems & Jewellery,448.86,-760.37,313.17,10.34,513.16,76.30,211.48,2757.57,3687.18,3735.10,3946.60,18.55,50.48,3525.66,139.57,-4.48,-1.82,-172.89,-179.19,,,,,,,,542.46,,,
Shree Ganesh Jewellery House,L36911WB2002PLC095086,2014,defaulter,Gems & Jewellery,9830.66,-771.87,288.28,22.43,-399.95,-470.52,972.11,2847.92,1204.79,3513.87,4521.19,197.74,251.84,659.35,900.20,-1363.37,-18.28,631.17,-750.48,,,,,,,,491.39,,,
Shree Ganesh Jewellery House,L36911WB2002PLC095086,2013,defaulter,Gems & Jewellery,9221.57,253.80,202.51,23.30,2.27,481.89,1618.23,597.24,5167.40,3914.51,5633.60,948.22,586.08,3546.30,1553.40,175.19,-65.36,15.56,125.39,,,,,,,,1976.67,,,
Shree Renuka Sugars Limited,L01542KA1995PLC019046,2022,defaulter,FMCG / Foods / Agro,6125.0,113.0,376.0,201.0,121.0,698.0,547.0,4150.0,,,7077.0,,,,334.0,206.0,-249.0,32.0,-11.0,,,,,,,,,,,
Shree Renuka Sugars Limited,L01542KA1995PLC019046,2021,defaulter,FMCG / Foods / Agro,5539.0,56.0,369.0,201.0,215.0,785.0,216.0,3801.0,,,7040.0,,,,3.0,-1532.0,-158.0,1677.0,-13.0,,,,,,,,,,,
Shree Renuka Sugars Limited,L01542KA1995PLC019046,2020,defaulter,FMCG / Foods / Agro,4563.0,-551.0,486.0,203.0,-340.0,349.0,-120.0,2191.0,,,6482.0,,,,-312.0,819.0,-146.0,-658.0,15.0,,,,,,,,,,,
Shri Lakshmi Cotsyn,L17122UP1988PLC009985,2017,defaulter,Textiles,305.0,-272.0,3.0,89.0,-272.0,-180.0,-1670.0,3323.0,,,1745.0,,,,-1698.0,13.0,-0.0,-13.0,-0.0,,,,,,,,,,,
Shri Lakshmi Cotsyn,L17122UP1988PLC009985,2016,defaulter,Textiles,412.0,-144.0,3.0,95.0,-144.0,-46.0,-1398.0,3336.0,,,2014.0,,,,-1426.0,10.0,-5.0,-6.0,-1.0,,,,,,,,,,,
Shri Lakshmi Cotsyn,L17122UP1988PLC009985,2015,defaulter,Textiles,566.0,-934.0,171.0,111.0,-934.0,-652.0,-1254.0,3436.0,,,2299.0,,,,-1282.0,-162.0,-43.0,201.0,-4.0,,,,,,,,,,,
Sical Logistics Ltd,L51909TN1955PLC002431,2020,defaulter,Logistics,837.0,-84.0,28.0,71.0,-110.0,-11.0,518.0,840.0,,,1919.0,,,,459.0,215.0,27.0,-242.0,0.0,,,,,,,,,,,
Sical Logistics Ltd,L51909TN1955PLC002431,2019,defaulter,Logistics,1303.0,31.0,36.0,61.0,52.0,149.0,603.0,1045.0,,,2084.0,,,,544.0,-44.0,20.0,26.0,2.0,,,,,,,,,,,
Sical Logistics Ltd,L51909TN1955PLC002431,2018,defaulter,Logistics,1074.0,29.0,33.0,44.0,51.0,128.0,578.0,1031.0,,,1955.0,,,,522.0,87.0,-196.0,74.0,-35.0,,,,,,,,,,,
Simbhaoli Sugars Ltd,L15122UP2011PLC044210,2023,defaulter,FMCG / Foods / Agro,1212.0,-31.0,25.0,32.0,-31.0,26.0,-59.0,1013.0,,,1938.0,,,,-100.0,7.0,-5.0,-15.0,-13.0,,,,,,,,,,,
Simbhaoli Sugars Ltd,L15122UP2011PLC044210,2022,defaulter,FMCG / Foods / Agro,1135.0,-10.0,29.0,32.0,-9.0,52.0,-26.0,1018.0,,,1967.0,,,,-67.0,45.0,-0.0,-53.0,-8.0,,,,,,,,,,,
Simbhaoli Sugars Ltd,L15122UP2011PLC044210,2021,defaulter,FMCG / Foods / Agro,1263.0,-4.0,31.0,35.0,-4.0,62.0,-17.0,1031.0,,,2079.0,,,,-58.0,23.0,3.0,-33.0,-7.0,,,,,,,,,,,
SpiceJet Ltd,L51909DL1984PLC288239,2023,defaulter,Travel / Aviation / Hospitality,8869.0,-1503.0,507.0,1019.0,-1503.0,23.0,-3231.0,7348.0,,,10280.0,,,,-3833.0,93.0,561.0,-632.0,23.0,,,,,,,,,,,
SpiceJet Ltd,L51909DL1984PLC288239,2022,defaulter,Travel / Aviation / Hospitality,6557.0,-1725.0,486.0,1290.0,-1725.0,51.0,-4288.0,8330.0,,,9520.0,,,,-4890.0,978.0,-122.0,-876.0,-20.0,,,,,,,,,,,
SpiceJet Ltd,L51909DL1984PLC288239,2021,defaulter,Travel / Aviation / Hospitality,5133.0,-998.0,603.0,1558.0,-998.0,1163.0,-2571.0,1068.0,,,11376.0,,,,-3172.0,226.0,210.0,-435.0,1.0,,,,,,,,,,,
Surya Pharmaceutical,L24232DL1992PLC227186,2014,defaulter,Pharma,12.64,-726.77,254.79,62.63,-443.85,-634.03,-781.10,2019.53,128.16,2132.86,1543.19,11.58,1.15,5.55,-801.38,,,,,,,,,,,,,,,
Surya Pharmaceutical,L24232DL1992PLC227186,2013,defaulter,Pharma,56.01,-301.81,203.69,62.47,-156.90,-174.62,-54.33,1885.22,968.90,1790.83,2017.48,7.23,628.41,225.00,-74.61,165.55,-7.90,-160.30,-2.65,,,,,,,,266.81,,,
Surya Pharmaceutical,L24232DL1992PLC227186,2012,defaulter,Pharma,1620.58,-272.50,165.85,34.62,-120.72,-192.75,247.48,1655.77,1171.30,1637.01,2127.66,9.88,812.25,236.21,227.20,385.56,-149.98,-241.17,-5.60,,,,,,,,212.87,,,
Suzlon Energy Ltd,L40100GJ1995PLC025447,2018,defaulter,Oil & Gas / Energy,5977.0,-1156.0,1223.0,419.0,-1155.0,487.0,354.0,7357.0,,,12841.0,,,,-710.0,-796.0,32.0,1058.0,293.0,,,,,,,,,,,
Suzlon Energy Ltd,L40100GJ1995PLC025447,2017,defaulter,Oil & Gas / Energy,9246.0,356.0,931.0,414.0,356.0,1701.0,1023.0,6075.0,,,14226.0,,,,18.0,2801.0,-1844.0,-898.0,59.0,,,,,,,,,,,
Suzlon Energy Ltd,L40100GJ1995PLC025447,2016,defaulter,Oil & Gas / Energy,5942.0,378.0,776.0,420.0,365.0,1561.0,604.0,6210.0,,,12292.0,,,,-400.0,1555.0,2156.0,-3685.0,27.0,,,,,,,,,,,
Unity Infraprojects,L99999MH1997PLC107153,2016,defaulter,Infrastructure,381.0,-540.0,306.0,24.0,-540.0,-210.0,65.0,2775.0,,,3352.0,,,,41.0,-57.0,-27.0,89.0,5.0,,,,,,,,,,,
Unity Infraprojects,L99999MH1997PLC107153,2015,defaulter,Infrastructure,771.0,-340.0,277.0,26.0,-334.0,-31.0,574.0,2417.0,,,3527.0,,,,559.0,-844.0,30.0,703.0,-110.0,,,,,,,,,,,
Unity Infraprojects,L99999MH1997PLC107153,2014,defaulter,Infrastructure,1896.0,6.0,228.0,20.0,2.0,250.0,843.0,1978.0,,,3439.0,,,,828.0,-218.0,-34.0,266.0,14.0,,,,,,,,,,,
Varun Industries,L28990MH1996PLC097945,2013,defaulter,Steel & Metals,168.03,-34.48,214.64,17.77,-1.24,180.58,257.27,1462.65,1837.20,850.87,2236.26,8.30,34.11,1723.87,228.16,-15.54,180.64,-252.89,-87.79,,,,,,,,260.67,,,
Varun Industries,L28990MH1996PLC097945,2012,defaulter,Steel & Metals,3191.59,-157.80,116.08,19.18,0.04,138.11,297.54,1231.67,1725.84,1791.29,2152.71,96.09,86.78,1483.99,268.43,-234.84,-17.87,15.62,-237.08,,,,,,,,310.97,,,
Varun Industries,L28990MH1996PLC097945,2011,defaulter,Steel & Metals,2917.36,39.34,91.21,19.05,20.22,169.82,461.62,915.45,1776.80,1669.19,2180.76,333.18,107.53,1287.42,432.51,432.49,-26.34,-132.72,273.43,,,,,,,,207.60,,,
Videocon Industries Ltd,L99999MH1986PLC103624,2017,defaulter,Engineering / Manufacturing,11607.0,-2080.0,3270.0,955.0,-2514.0,1711.0,9833.0,21620.0,,,37659.0,,,,9499.0,4863.0,1019.0,-5979.0,-97.0,,,,,,,,,,,
Videocon Industries Ltd,L99999MH1986PLC103624,2016,defaulter,Engineering / Manufacturing,,,,,,,,,,,,,,,,,,,,,,,,,,,,,,
Videocon Industries Ltd,L99999MH1986PLC103624,2015,defaulter,Engineering / Manufacturing,11858.0,-56.0,2385.0,702.0,-61.0,3026.0,10306.0,23774.0,,,37876.0,,,,9972.0,6360.0,-3644.0,-2894.0,-178.0,,,,,,,,,,,
Visa Steel Limited,L51109OR1996PLC004601,2021,defaulter,Steel & Metals,611.0,-290.0,20.0,47.0,-290.0,-223.0,-256.0,1396.0,,,1526.0,,,,-372.0,16.0,0.0,-14.0,2.0,,,,,,,,,,,
Visa Steel Limited,L51109OR1996PLC004601,2020,defaulter,Steel & Metals,348.0,-85.0,17.0,48.0,-85.0,-20.0,35.0,1353.0,,,1807.0,,,,-81.0,13.0,39.0,-47.0,6.0,,,,,,,,,,,
Visa Steel Limited,L51109OR1996PLC004601,2019,defaulter,Steel & Metals,805.0,-66.0,13.0,46.0,-66.0,-7.0,121.0,1379.0,,,1881.0,,,,5.0,55.0,20.0,-90.0,-16.0,,,,,,,,,,,
C Mahendra Exports Limited,L27205MH2007PLC166717,2015,defaulter,Gems & Jewellery,583.51,-133.95,73.24,8.15,0.46,-52.10,492.06,1165.19,1795.93,1540.90,2038.58,14.89,163.02,1604.25,418.99,-26.49,9.11,17.21,-0.17,,,,,,,,145.49,,,
C Mahendra Exports Limited,L27205MH2007PLC166717,2014,defaulter,Gems & Jewellery,2024.13,5.92,80.49,8.35,3.40,98.17,616.01,1105.19,2086.83,1716.07,2342.31,19.12,515.47,1534.73,540.17,14.67,6.20,-22.66,-1.78,,,,,,,,133.99,,,
C Mahendra Exports Limited,L27205MH2007PLC166717,2013,defaulter,Gems & Jewellery,2111.44,31.17,86.61,8.79,-2.37,124.20,611.14,1065.98,1874.38,1519.74,2135.78,21.47,568.10,1269.01,535.30,20.39,-43.45,24.62,1.56,,,,,,,,139.00,,,
ABB India Limited,L32202KA1949PLC032923,2017,non_defaulter,Engineering / Manufacturing,6094.0,420.0,62.0,101.0,528.0,691.0,3607.0,608.0,,,8888.0,,,,3565.0,792.0,-318.0,-171.0,302.0,,,,,,,,,,,
ABB India Limited,L32202KA1949PLC032923,2016,non_defaulter,Engineering / Manufacturing,8642.0,374.0,108.0,151.0,573.0,832.0,3286.0,600.0,,,7731.0,,,,3244.0,863.0,-68.0,-179.0,615.0,,,,,,,,,,,
ABB India Limited,L32202KA1949PLC032923,2015,non_defaulter,Engineering / Manufacturing,8136.0,300.0,106.0,160.0,475.0,741.0,3008.0,600.0,,,7409.0,,,,2966.0,382.0,-76.0,42.0,347.0,,,,,,,,,,,
Bajaj Finance Limited,L65910MH1987PLC042961,2023,non_defaulter,NBFC / Leasing,,10290.0,9424.0,444.0,13882.0,23750.0,51493.0,161685.0,,,216525.0,,,,51372.0,-27302.0,-12400.0,38021.0,-1682.0,,,,,,,,,,,
Bajaj Finance Limited,L65910MH1987PLC042961,2022,non_defaulter,NBFC / Leasing,,6350.0,7678.0,355.0,8586.0,16619.0,42056.0,123040.0,,,168017.0,,,,41935.0,-23856.0,3806.0,21550.0,1501.0,,,,,,,,,,,
Bajaj Finance Limited,L65910MH1987PLC042961,2021,non_defaulter,NBFC / Leasing,,3956.0,7550.0,302.0,5363.0,13215.0,35938.0,99854.0,,,138284.0,,,,35818.0,4386.0,424.0,-4113.0,697.0,,,,,,,,,,,
Bharat Heavy Electricals Limited,L74899DL1964GOI004281,2017,non_defaulter,Engineering / Manufacturing,28435.0,496.0,412.0,849.0,628.0,1889.0,32295.0,150.0,,,61580.0,,,,31805.0,562.0,-566.0,-470.0,-474.0,,,,,,,,,,,
Bharat Heavy Electricals Limited,L74899DL1964GOI004281,2016,non_defaulter,Engineering / Manufacturing,25467.0,-710.0,359.0,936.0,-1164.0,131.0,32182.0,202.0,,,65419.0,,,,31692.0,347.0,51.0,-124.0,274.0,,,,,,,,,,,
Bharat Heavy Electricals Limited,L74899DL1964GOI004281,2015,non_defaulter,Engineering / Manufacturing,30717.0,1419.0,92.0,1077.0,2140.0,3309.0,34085.0,118.0,,,68604.0,,,,33595.0,775.0,464.0,-3300.0,-2060.0,,,,,,,,,,,
Blue Dart Express Limited,L66000MH1991PLC062329,2020,non_defaulter,Logistics,3166.0,-38.0,32.0,153.0,-47.0,138.0,584.0,75.0,,,1561.0,,,,560.0,94.0,-39.0,-222.0,-168.0,,,,,,,,,,,
Blue Dart Express Limited,L66000MH1991PLC062329,2019,non_defaulter,Logistics,3165.0,88.0,15.0,48.0,128.0,191.0,665.0,146.0,,,1370.0,,,,641.0,157.0,-46.0,-71.0,40.0,,,,,,,,,,,
Blue Dart Express Limited,L66000MH1991PLC062329,2018,non_defaulter,Logistics,2791.0,142.0,26.0,45.0,212.0,283.0,621.0,166.0,,,1226.0,,,,597.0,210.0,-5.0,-235.0,-30.0,,,,,,,,,,,
Britannia Industries Limited,L15412WB1918PLC002964,2018,non_defaulter,FMCG / Foods,9304.0,948.0,1.0,120.0,1445.0,1566.0,3235.0,10.0,,,4627.0,,,,3211.0,1183.0,-823.0,-304.0,56.0,,,,,,,,,,,
Britannia Industries Limited,L15412WB1918PLC002964,2017,non_defaulter,FMCG / Foods,8414.0,844.0,1.0,96.0,1251.0,1348.0,2582.0,1.0,,,3696.0,,,,2558.0,402.0,-115.0,-284.0,3.0,,,,,,,,,,,
Britannia Industries Limited,L15412WB1918PLC002964,2016,non_defaulter,FMCG / Foods,7732.0,763.0,1.0,88.0,1149.0,1238.0,2016.0,1.0,,,3100.0,,,,1992.0,878.0,-659.0,-228.0,-9.0,,,,,,,,,,,
Carborundum Universal Limited,L99999TN1954PLC000759,2017,non_defaulter,Engineering / Manufacturing,1406.0,122.0,9.0,67.0,171.0,247.0,1055.0,3.0,,,1297.0,,,,1036.0,177.0,-46.0,-133.0,-2.0,,,,,,,,,,,
Carborundum Universal Limited,L99999TN1954PLC000759,2016,non_defaulter,Engineering / Manufacturing,1292.0,116.0,9.0,62.0,167.0,238.0,959.0,109.0,,,1270.0,,,,940.0,112.0,-88.0,-21.0,3.0,,,,,,,,,,,
Carborundum Universal Limited,L99999TN1954PLC000759,2015,non_defaulter,Engineering / Manufacturing,1161.0,148.0,9.0,59.0,199.0,267.0,860.0,84.0,,,1146.0,,,,841.0,106.0,-53.0,-57.0,-5.0,,,,,,,,,,,
Coal India Limited,L23109WB1973GOI028844,2017,non_defaulter,Mining,290.0,14499.0,-136.0,18.0,14510.0,14392.0,13917.0,0.0,,,18886.0,,,,7710.0,-744.0,18867.0,-17674.0,449.0,,,,,,,,,,,
Coal India Limited,L23109WB1973GOI028844,2016,non_defaulter,Mining,204.0,16593.0,-124.0,16.0,16768.0,16660.0,16045.0,0.0,,,21380.0,,,,9729.0,-783.0,18340.0,-17381.0,177.0,,,,,,,,,,,
Coal India Limited,L23109WB1973GOI028844,2015,non_defaulter,Mining,387.0,13383.0,244.0,7.0,13652.0,13903.0,16734.0,0.0,,,22151.0,,,,10418.0,12605.0,258.0,-12942.0,-79.0,,,,,,,,,,,
Cochin Shipyard Limited,L63032KL1972GOI002414,2016,non_defaulter,Shipbuilding,1990.0,292.0,12.0,37.0,450.0,499.0,1824.0,123.0,,,3349.0,,,,1711.0,40.0,47.0,-32.0,55.0,,,,,,,,,,,
Cochin Shipyard Limited,L63032KL1972GOI002414,2015,non_defaulter,Shipbuilding,1583.0,69.0,19.0,38.0,110.0,167.0,1554.0,123.0,,,2891.0,,,,1441.0,663.0,16.0,-235.0,444.0,,,,,,,,,,,
Cochin Shipyard Limited,L63032KL1972GOI002414,2014,non_defaulter,Shipbuilding,1798.0,282.0,20.0,25.0,433.0,478.0,1489.0,334.0,,,2987.0,,,,1376.0,-584.0,15.0,271.0,-298.0,,,,,,,,,,,
DLF Limited,L70101DL1963PLC004462,2018,non_defaulter,Real Estate,3056.0,365.0,1023.0,132.0,545.0,1700.0,23435.0,5707.0,,,32947.0,,,,23078.0,31.0,-3939.0,3992.0,83.0,,,,,,,,,,,
DLF Limited,L70101DL1963PLC004462,2017,non_defaulter,Real Estate,3703.0,597.0,1236.0,99.0,880.0,2215.0,14704.0,9083.0,,,28680.0,,,,14347.0,-696.0,2103.0,-1536.0,-130.0,,,,,,,,,,,
DLF Limited,L70101DL1963PLC004462,2016,non_defaulter,Real Estate,3622.0,1497.0,1385.0,75.0,1750.0,3210.0,14118.0,9381.0,,,29585.0,,,,13761.0,849.0,3901.0,-4720.0,30.0,,,,,,,,,,,
Dabur India Limited,L24230UP1975PLC003919,2018,non_defaulter,FMCG / Foods,5592.0,1072.0,22.0,102.0,1373.0,1497.0,4227.0,287.0,,,5813.0,,,,4051.0,816.0,-261.0,-496.0,59.0,,,,,,,,,,,
Dabur India Limited,L24230UP1975PLC003919,2017,non_defaulter,FMCG / Foods,5291.0,998.0,16.0,75.0,1294.0,1385.0,3658.0,284.0,,,5217.0,,,,3482.0,927.0,-679.0,-274.0,-26.0,,,,,,,,,,,
Dabur India Limited,L24230UP1975PLC003919,2016,non_defaulter,FMCG / Foods,5340.0,937.0,10.0,73.0,1209.0,1292.0,3094.0,87.0,,,4430.0,,,,2918.0,960.0,-494.0,-455.0,11.0,,,,,,,,,,,
Dilip Buildcon Limited,L45201MP1987PLC003821,2016,non_defaulter,Infrastructure,3993.0,221.0,381.0,183.0,250.0,814.0,1062.0,2511.0,,,5284.0,,,,945.0,427.0,-422.0,-133.0,-128.0,,,,,,,,,,,
Dilip Buildcon Limited,L45201MP1987PLC003821,2015,non_defaulter,Infrastructure,2624.0,146.0,259.0,118.0,195.0,572.0,873.0,2418.0,,,4555.0,,,,756.0,220.0,-761.0,708.0,167.0,,,,,,,,,,,
Dilip Buildcon Limited,L45201MP1987PLC003821,2014,non_defaulter,Infrastructure,2316.0,194.0,155.0,79.0,243.0,477.0,704.0,1283.0,,,2785.0,,,,669.0,56.0,-254.0,212.0,15.0,,,,,,,,,,,
Grasim Industries Limited,L17124MP1947PLC000410,2017,non_defaulter,Textiles,10346.0,1560.0,58.0,446.0,2125.0,2629.0,16231.0,701.0,,,19851.0,,,,16138.0,2259.0,-844.0,-1404.0,12.0,,,,,,,,,,,
Grasim Industries Limited,L17124MP1947PLC000410,2016,non_defaulter,Textiles,8969.0,971.0,147.0,445.0,1230.0,1822.0,13871.0,1839.0,,,17796.0,,,,13778.0,1341.0,-697.0,-663.0,-19.0,,,,,,,,,,,
Grasim Industries Limited,L17124MP1947PLC000410,2015,non_defaulter,Textiles,6300.0,530.0,39.0,263.0,685.0,987.0,11183.0,1115.0,,,14365.0,,,,11091.0,448.0,27.0,-448.0,27.0,,,,,,,,,,,
HT Media Limited,L22121DL2002PLC117874,2016,non_defaulter,Media,1499.0,93.0,51.0,71.0,156.0,278.0,1604.0,917.0,,,3232.0,,,,1558.0,138.0,-750.0,565.0,-47.0,,,,,,,,,,,
HT Media Limited,L22121DL2002PLC117874,2015,non_defaulter,Media,1445.0,114.0,36.0,72.0,124.0,232.0,1501.0,271.0,,,2515.0,,,,1455.0,291.0,-24.0,-224.0,44.0,,,,,,,,,,,
HT Media Limited,L22121DL2002PLC117874,2014,non_defaulter,Media,1429.0,156.0,56.0,56.0,192.0,304.0,1408.0,450.0,,,2497.0,,,,1362.0,183.0,-194.0,-14.0,-25.0,,,,,,,,,,,
Hindustan Unilever Limited,L15140MH1933PLC002030,2018,non_defaulter,FMCG / Foods,34525.0,5237.0,20.0,478.0,7285.0,7783.0,7075.0,0.0,,,17149.0,,,,6859.0,5913.0,-1261.0,-4651.0,1.0,,,,,,,,,,,
Hindustan Unilever Limited,L15140MH1933PLC002030,2017,non_defaulter,FMCG / Foods,31890.0,4490.0,22.0,396.0,6396.0,6814.0,6490.0,0.0,,,14751.0,,,,6274.0,4953.0,-752.0,-4264.0,-63.0,,,,,,,,,,,
Hindustan Unilever Limited,L15140MH1933PLC002030,2016,non_defaulter,FMCG / Foods,31061.0,4137.0,15.0,321.0,5946.0,6282.0,6279.0,0.0,,,13920.0,,,,6063.0,3974.0,-51.0,-4008.0,-85.0,,,,,,,,,,,
IRB Infrastructure Developers Limited,L65910MH1998PLC115967,2016,non_defaulter,Infrastructure,2768.0,292.0,280.0,0.0,349.0,629.0,2372.0,2921.0,,,7855.0,,,,2021.0,536.0,-437.0,-64.0,36.0,,,,,,,,,,,
IRB Infrastructure Developers Limited,L65910MH1998PLC115967,2015,non_defaulter,Infrastructure,1956.0,138.0,271.0,0.0,174.0,445.0,2149.0,2530.0,,,7146.0,,,,1798.0,648.0,-1087.0,430.0,-9.0,,,,,,,,,,,
IRB Infrastructure Developers Limited,L65910MH1998PLC115967,2014,non_defaulter,Infrastructure,2212.0,288.0,214.0,0.0,312.0,526.0,1726.0,2195.0,,,5916.0,,,,1394.0,514.0,-684.0,136.0,-34.0,,,,,,,,,,,
ITC Limited,L16005WB1910PLC001985,2018,non_defaulter,FMCG / Foods,40620.0,11223.0,110.0,1145.0,16852.0,18107.0,51400.0,18.0,,,62381.0,,,,50180.0,12651.0,-6691.0,-6020.0,-60.0,,,,,,,,,,,
ITC Limited,L16005WB1910PLC001985,2017,non_defaulter,FMCG / Foods,40080.0,10201.0,45.0,1038.0,15503.0,16586.0,45341.0,26.0,,,54216.0,,,,44126.0,10002.0,-2780.0,-7138.0,84.0,,,,,,,,,,,
ITC Limited,L16005WB1910PLC001985,2016,non_defaulter,FMCG / Foods,36583.0,9328.0,72.0,1001.0,14434.0,15507.0,41657.0,42.0,,,50031.0,,,,40852.0,9212.0,-3711.0,-5465.0,36.0,,,,,,,,,,,
Infosys Limited,L85110KA1981PLC013115,2017,non_defaulter,IT / Services,59289.0,13818.0,0.0,1331.0,18938.0,20269.0,68017.0,0.0,,,79885.0,,,,66869.0,10478.0,-13533.0,-6968.0,-10023.0,,,,,,,,,,,
Infosys Limited,L85110KA1981PLC013115,2016,non_defaulter,IT / Services,53983.0,12693.0,0.0,1115.0,17600.0,18715.0,61082.0,0.0,,,72732.0,,,,59934.0,9578.0,-1216.0,-6908.0,1454.0,,,,,,,,,,,
Infosys Limited,L85110KA1981PLC013115,2015,non_defaulter,IT / Services,47300.0,12164.0,8.0,913.0,16798.0,17719.0,48068.0,0.0,,,61813.0,,,,47494.0,7955.0,628.0,-4961.0,3622.0,,,,,,,,,,,
InterGlobe Aviation Limited,L62100DL2004PLC129768,2018,non_defaulter,Travel / Aviation,23021.0,2242.0,413.0,437.0,3127.0,3977.0,7077.0,2453.0,,,21129.0,,,,6693.0,3903.0,-4152.0,766.0,518.0,,,,,,,,,,,
InterGlobe Aviation Limited,L62100DL2004PLC129768,2017,non_defaulter,Travel / Aviation,18580.0,1659.0,406.0,457.0,2144.0,3007.0,3779.0,2596.0,,,15210.0,,,,3418.0,3782.0,-3033.0,-1401.0,-652.0,,,,,,,,,,,
InterGlobe Aviation Limited,L62100DL2004PLC129768,2016,non_defaulter,Travel / Aviation,16140.0,1986.0,350.0,505.0,2824.0,3679.0,2723.0,3245.0,,,12630.0,,,,2363.0,3116.0,-1337.0,-1220.0,559.0,,,,,,,,,,,
JSW Steel Limited,L27102MH1994PLC152925,2016,non_defaulter,Steel & Metals,36707.0,-3530.0,3219.0,2847.0,-5239.0,827.0,20410.0,35658.0,,,73508.0,,,,20109.0,5670.0,-5033.0,-982.0,-345.0,,,,,,,,,,,
JSW Steel Limited,L27102MH1994PLC152925,2015,non_defaulter,Steel & Metals,46087.0,2166.0,2909.0,2784.0,3249.0,8942.0,24960.0,28899.0,,,74892.0,,,,24657.0,8466.0,-6275.0,-1805.0,386.0,,,,,,,,,,,
JSW Steel Limited,L27102MH1994PLC152925,2014,non_defaulter,Steel & Metals,45298.0,1335.0,2740.0,2726.0,1955.0,7421.0,23520.0,27949.0,,,68426.0,,,,23217.0,5274.0,-4687.0,-366.0,220.0,,,,,,,,,,,
KEC International Limited,L45200MH2005PLC152061,2016,non_defaulter,Infrastructure,7690.0,195.0,322.0,118.0,339.0,779.0,1382.0,2564.0,,,7989.0,,,,1331.0,-37.0,-103.0,36.0,-105.0,,,,,,,,,,,
KEC International Limited,L45200MH2005PLC152061,2015,non_defaulter,Infrastructure,6592.0,111.0,313.0,70.0,182.0,565.0,1110.0,1542.0,,,6145.0,,,,1059.0,63.0,127.0,-154.0,36.0,,,,,,,,,,,
KEC International Limited,L45200MH2005PLC152061,2014,non_defaulter,Infrastructure,6559.0,86.0,298.0,55.0,151.0,504.0,1032.0,1423.0,,,6031.0,,,,981.0,-27.0,-22.0,75.0,26.0,,,,,,,,,,,
Kalpataru Projects International Limited,L45203GJ1981PLC103919,2016,non_defaulter,Infrastructure,4265.0,192.0,166.0,84.0,296.0,546.0,2215.0,599.0,,,5245.0,,,,2184.0,756.0,-170.0,-555.0,31.0,,,,,,,,,,,
Kalpataru Projects International Limited,L45203GJ1981PLC103919,2015,non_defaulter,Infrastructure,4381.0,166.0,167.0,85.0,253.0,505.0,2071.0,971.0,,,4794.0,,,,2040.0,37.0,-43.0,20.0,14.0,,,,,,,,,,,
Kalpataru Projects International Limited,L45203GJ1981PLC103919,2014,non_defaulter,Infrastructure,4022.0,146.0,171.0,70.0,219.0,460.0,1954.0,785.0,,,4596.0,,,,1923.0,84.0,-97.0,24.0,12.0,,,,,,,,,,,
Kalyan Jewellers India Limited,L36911KL2009PLC024641,2017,non_defaulter,Gems & Jewellery,7541.0,114.0,314.0,78.0,139.0,531.0,1481.0,2537.0,,,5515.0,,,,642.0,,,,,,,,,,,,,,,
Kalyan Jewellers India Limited,L36911KL2009PLC024641,2016,non_defaulter,Gems & Jewellery,7956.0,25.0,295.0,59.0,7.0,361.0,1316.0,2365.0,,,5339.0,,,,612.0,,,,,,,,,,,,,,,
Kalyan Jewellers India Limited,L36911KL2009PLC024641,2015,non_defaulter,Gems & Jewellery,,,,,,,,,,,,,,,,,,,,,,,,,,,,,,
Larsen & Toubro Limited,L99999MH1946PLC004768,2016,non_defaulter,Infrastructure,63177.0,5000.0,1686.0,997.0,6256.0,8939.0,42135.0,13924.0,,,99621.0,,,,41949.0,3300.0,-1522.0,-2464.0,-687.0,,,,,,,,,,,
Larsen & Toubro Limited,L99999MH1946PLC004768,2015,non_defaulter,Infrastructure,56942.0,5056.0,1579.0,1008.0,6701.0,9288.0,37085.0,12937.0,,,86904.0,,,,36899.0,3118.0,-1884.0,-1437.0,-203.0,,,,,,,,,,,
Larsen & Toubro Limited,L99999MH1946PLC004768,2014,non_defaulter,Infrastructure,56525.0,5493.0,1208.0,792.0,7268.0,9268.0,33661.0,11459.0,,,78305.0,,,,33476.0,1047.0,-1214.0,504.0,337.0,,,,,,,,,,,
Lemon Tree Hotels Limited,L74899DL1992PLC049022,2018,non_defaulter,Travel / Hospitality,231.0,22.0,34.0,20.0,26.0,80.0,961.0,319.0,,,1347.0,,,,175.0,51.0,-27.0,-24.0,0.0,,,,,,,,,,,
Lemon Tree Hotels Limited,L74899DL1992PLC049022,2017,non_defaulter,Travel / Hospitality,218.0,7.0,41.0,21.0,8.0,70.0,927.0,321.0,,,1306.0,,,,146.0,72.0,-17.0,-54.0,1.0,,,,,,,,,,,
Lemon Tree Hotels Limited,L74899DL1992PLC049022,2016,non_defaulter,Travel / Hospitality,193.0,-16.0,43.0,22.0,-16.0,49.0,915.0,341.0,,,1311.0,,,,137.0,45.0,-22.0,-22.0,1.0,,,,,,,,,,,
Marico Limited,L15140MH1988PLC049208,2018,non_defaulter,FMCG / Foods,5170.0,718.0,8.0,67.0,954.0,1029.0,3041.0,122.0,,,4020.0,,,,2912.0,409.0,187.0,-602.0,-6.0,,,,,,,,,,,
Marico Limited,L15140MH1988PLC049208,2017,non_defaulter,FMCG / Foods,4851.0,843.0,13.0,64.0,1142.0,1219.0,2924.0,108.0,,,3763.0,,,,2795.0,471.0,87.0,-560.0,-2.0,,,,,,,,,,,
Marico Limited,L15140MH1988PLC049208,2016,non_defaulter,FMCG / Foods,4861.0,691.0,15.0,69.0,936.0,1020.0,2538.0,204.0,,,3439.0,,,,2409.0,629.0,-86.0,-549.0,-6.0,,,,,,,,,,,
NCC Limited,L72200TG1990PLC011146,2016,non_defaulter,Infrastructure,8325.0,240.0,509.0,110.0,322.0,941.0,3261.0,1883.0,,,9256.0,,,,3150.0,489.0,365.0,-713.0,141.0,,,,,,,,,,,
NCC Limited,L72200TG1990PLC011146,2015,non_defaulter,Infrastructure,8297.0,112.0,574.0,112.0,159.0,845.0,3204.0,1995.0,,,9433.0,,,,3093.0,514.0,-79.0,-409.0,26.0,,,,,,,,,,,
NCC Limited,L72200TG1990PLC011146,2014,non_defaulter,Infrastructure,5926.0,41.0,466.0,90.0,3.0,559.0,2520.0,2475.0,,,9127.0,,,,2469.0,370.0,-173.0,-217.0,-20.0,,,,,,,,,,,
Nestle India Limited,L15202DL1959PLC003786,2018,non_defaulter,FMCG / Foods,11292.0,1607.0,112.0,336.0,2429.0,2877.0,3673.0,35.0,,,8088.0,,,,3577.0,2052.0,-52.0,-1317.0,683.0,,,,,,,,,,,
Nestle India Limited,L15202DL1959PLC003786,2017,non_defaulter,FMCG / Foods,10010.0,1225.0,92.0,342.0,1839.0,2273.0,3420.0,35.0,,,7363.0,,,,3324.0,1818.0,-131.0,-997.0,691.0,,,,,,,,,,,
Nestle India Limited,L15202DL1959PLC003786,2016,non_defaulter,FMCG / Foods,9141.0,1001.0,91.0,354.0,1545.0,1990.0,3282.0,33.0,,,6810.0,,,,3186.0,1466.0,-126.0,-666.0,674.0,,,,,,,,,,,
PNC Infratech Limited,L45201UP1999PLC024640,2016,non_defaulter,Infrastructure,2014.0,235.0,40.0,57.0,194.0,291.0,1378.0,12.0,,,1890.0,,,,1327.0,91.0,-79.0,57.0,68.0,,,,,,,,,,,
PNC Infratech Limited,L45201UP1999PLC024640,2015,non_defaulter,Infrastructure,1561.0,100.0,46.0,36.0,148.0,230.0,719.0,353.0,,,1578.0,,,,679.0,63.0,-165.0,23.0,-79.0,,,,,,,,,,,
PNC Infratech Limited,L45201UP1999PLC024640,2014,non_defaulter,Infrastructure,1152.0,70.0,23.0,25.0,104.0,152.0,629.0,275.0,,,1280.0,,,,589.0,165.0,-101.0,-2.0,62.0,,,,,,,,,,,
Rajesh Exports Limited,L36911KA1990PLC020815,2017,non_defaulter,Gems & Jewellery,44948.0,461.0,351.0,2.0,486.0,839.0,3742.0,5435.0,,,21199.0,,,,3712.0,1596.0,-97.0,622.0,2122.0,,,,,,,,,,,
Rajesh Exports Limited,L36911KA1990PLC020815,2016,non_defaulter,Gems & Jewellery,38586.0,475.0,308.0,2.0,510.0,820.0,3281.0,4462.0,,,19081.0,,,,3251.0,722.0,-469.0,292.0,544.0,,,,,,,,,,,
Rajesh Exports Limited,L36911KA1990PLC020815,2015,non_defaulter,Gems & Jewellery,37919.0,264.0,419.0,2.0,333.0,754.0,2841.0,3826.0,,,15527.0,,,,2811.0,3788.0,-51.0,283.0,4020.0,,,,,,,,,,,
Raymond Limited,L17117MH1925PLC001208,2017,non_defaulter,Textiles,,,,,,,,,,,,,,,,,,,,,,,,,,,,,,
Raymond Limited,L17117MH1925PLC001208,2016,non_defaulter,Textiles,,,,,,,,,,,,,,,,,,,,,,,,,,,,,,
Raymond Limited,L17117MH1925PLC001208,2015,non_defaulter,Textiles,,,,,,,,,,,,,,,,,,,,,,,,,,,,,,
SKF India Limited,L29130MH1961PLC011980,2017,non_defaulter,Engineering / Manufacturing,2631.0,244.0,0.0,48.0,376.0,424.0,1811.0,34.0,,,2304.0,,,,1758.0,115.0,147.0,-126.0,136.0,,,,,,,,,,,
SKF India Limited,L29130MH1961PLC011980,2016,non_defaulter,Engineering / Manufacturing,2997.0,256.0,0.0,68.0,394.0,462.0,1665.0,65.0,,,2149.0,,,,1612.0,26.0,-174.0,49.0,-99.0,,,,,,,,,,,
SKF India Limited,L29130MH1961PLC011980,2015,non_defaulter,Engineering / Manufacturing,,,,,,,,,,,,,,,,,,,,,,,,,,,,,,
Schaeffler India Limited,L29130GJ1962PLC001167,2017,non_defaulter,Engineering / Manufacturing,3941.0,388.0,11.0,138.0,589.0,738.0,2326.0,69.0,,,3180.0,,,,2309.0,401.0,-270.0,-88.0,43.0,,,,,,,,,,,
Schaeffler India Limited,L29130GJ1962PLC001167,2016,non_defaulter,Engineering / Manufacturing,1795.0,195.0,2.0,64.0,299.0,365.0,1476.0,0.0,,,1854.0,,,,1459.0,193.0,-139.0,-22.0,32.0,,,,,,,,,,,
Schaeffler India Limited,L29130GJ1962PLC001167,2015,non_defaulter,Engineering / Manufacturing,1711.0,197.0,3.0,66.0,294.0,363.0,1290.0,0.0,,,1655.0,,,,1273.0,182.0,-222.0,-17.0,-57.0,,,,,,,,,,,
Senco Gold Limited,L36911WB1994PLC063674,2017,non_defaulter,Gems & Jewellery,,,,,,,,,,,,,,,,,,,,,,,,,,,,,,
Senco Gold Limited,L36911WB1994PLC063674,2016,non_defaulter,Gems & Jewellery,,,,,,,,,,,,,,,,,,,,,,,,,,,,,,
Senco Gold Limited,L36911WB1994PLC063674,2015,non_defaulter,Gems & Jewellery,,,,,,,,,,,,,,,,,,,,,,,,,,,,,,
Siemens Limited,L28920MH1957PLC010839,2017,non_defaulter,Engineering / Manufacturing,11015.0,1134.0,32.0,197.0,1669.0,1898.0,7705.0,0.0,,,13123.0,,,,7634.0,554.0,1313.0,-260.0,1607.0,,,,,,,,,,,
Siemens Limited,L28920MH1957PLC010839,2016,non_defaulter,Engineering / Manufacturing,10810.0,2917.0,35.0,226.0,3942.0,4203.0,6821.0,0.0,,,11954.0,,,,6750.0,508.0,240.0,-1612.0,-864.0,,,,,,,,,,,
Siemens Limited,L28920MH1957PLC010839,2015,non_defaulter,Engineering / Manufacturing,10512.0,1183.0,28.0,216.0,1696.0,1940.0,5126.0,0.0,,,10528.0,,,,5055.0,618.0,625.0,-268.0,975.0,,,,,,,,,,,
Steel Authority of India Limited,L27109DL1973GOI006454,2016,non_defaulter,Steel & Metals,38746.0,-4021.0,2300.0,2402.0,-7008.0,-2306.0,39196.0,34980.0,,,100564.0,,,,35065.0,3800.0,-4558.0,743.0,-16.0,,,,,,,,,,,
Steel Authority of India Limited,L27109DL1973GOI006454,2015,non_defaulter,Steel & Metals,45660.0,2093.0,1454.0,1773.0,2359.0,5586.0,43505.0,29898.0,,,99542.0,,,,39374.0,2744.0,-5160.0,2362.0,-55.0,,,,,,,,,,,
Steel Authority of India Limited,L27109DL1973GOI006454,2014,non_defaulter,Steel & Metals,46567.0,2616.0,968.0,1717.0,3225.0,5910.0,42667.0,25281.0,,,92165.0,,,,38536.0,5883.0,-7192.0,1247.0,-62.0,,,,,,,,,,,
Sun Pharmaceutical Industries Limited,L24230GJ1993PLC019050,2016,non_defaulter,Pharma,7719.0,-1088.0,574.0,464.0,-1082.0,-44.0,21891.0,5829.0,,,34266.0,,,,21650.0,-1254.0,3640.0,-2368.0,17.0,,,,,,,,,,,
Sun Pharmaceutical Industries Limited,L24230GJ1993PLC019050,2015,non_defaulter,Pharma,8028.0,-1474.0,551.0,661.0,-1559.0,-347.0,22786.0,6811.0,,,37446.0,,,,22579.0,149.0,2642.0,-2674.0,117.0,,,,,,,,,,,
Sun Pharmaceutical Industries Limited,L24230GJ1993PLC019050,2014,non_defaulter,Pharma,2829.0,-2829.0,18.0,102.0,-2801.0,-2681.0,7408.0,2409.0,,,14364.0,,,,7201.0,-2405.0,517.0,1742.0,-145.0,,,,,,,,,,,
Tata Elxsi Limited,L85110KA1989PLC009968,2017,non_defaulter,IT / Services,1237.0,175.0,1.0,27.0,264.0,292.0,558.0,0.0,,,715.0,,,,527.0,144.0,28.0,-52.0,120.0,,,,,,,,,,,
Tata Elxsi Limited,L85110KA1989PLC009968,2016,non_defaulter,IT / Services,1075.0,155.0,1.0,23.0,236.0,260.0,386.0,0.0,,,600.0,,,,355.0,121.0,-31.0,-41.0,49.0,,,,,,,,,,,
Tata Elxsi Limited,L85110KA1989PLC009968,2015,non_defaulter,IT / Services,849.0,103.0,1.0,25.0,156.0,182.0,283.0,0.0,,,465.0,,,,252.0,143.0,-29.0,-32.0,83.0,,,,,,,,,,,
Tata Steel Limited,L27100WB1907PLC001473,2016,non_defaulter,Steel & Metals,38269.0,956.0,1848.0,2962.0,1543.0,6353.0,48912.0,30844.0,,,105114.0,,,,47941.0,7372.0,-4352.0,-2540.0,480.0,,,,,,,,,,,
Tata Steel Limited,L27100WB1907PLC001473,2015,non_defaulter,Steel & Metals,41785.0,6439.0,1976.0,1998.0,8509.0,12483.0,66663.0,28198.0,,,115864.0,,,,65692.0,4852.0,-2382.0,-2957.0,-487.0,,,,,,,,,,,
Tata Steel Limited,L27100WB1907PLC001473,2014,non_defaulter,Steel & Metals,41711.0,6412.0,1821.0,1929.0,9714.0,13464.0,61148.0,27917.0,,,111040.0,,,,60177.0,12433.0,-9837.0,-3826.0,-1231.0,,,,,,,,,,,
Thermax Limited,L29299PN1980PLC022787,2017,non_defaulter,Engineering / Manufacturing,3764.0,145.0,4.0,65.0,275.0,344.0,2410.0,66.0,,,4596.0,,,,2386.0,346.0,-151.0,-115.0,80.0,,,,,,,,,,,
Thermax Limited,L29299PN1980PLC022787,2016,non_defaulter,Engineering / Manufacturing,4338.0,297.0,5.0,61.0,423.0,489.0,2342.0,91.0,,,4692.0,,,,2318.0,288.0,-170.0,-119.0,-1.0,,,,,,,,,,,
Thermax Limited,L29299PN1980PLC022787,2015,non_defaulter,Engineering / Manufacturing,4603.0,336.0,20.0,64.0,497.0,581.0,2267.0,105.0,,,5011.0,,,,2243.0,294.0,-16.0,-237.0,41.0,,,,,,,,,,,
Timken India Limited,L29130KA1996PLC048230,2017,non_defaulter,Engineering / Manufacturing,1056.0,97.0,1.0,29.0,138.0,168.0,618.0,8.0,,,877.0,,,,550.0,164.0,-126.0,-5.0,34.0,,,,,,,,,,,
Timken India Limited,L29130KA1996PLC048230,2016,non_defaulter,Engineering / Manufacturing,1042.0,92.0,1.0,22.0,142.0,165.0,530.0,4.0,,,702.0,,,,462.0,101.0,-67.0,1.0,36.0,,,,,,,,,,,
Timken India Limited,L29130KA1996PLC048230,2015,non_defaulter,Engineering / Manufacturing,926.0,81.0,1.0,17.0,122.0,140.0,438.0,3.0,,,585.0,,,,370.0,42.0,-23.0,-26.0,-7.0,,,,,,,,,,,
Titan Company Limited,L74999TZ1984PLC001456,2017,non_defaulter,Gems & Jewellery,12897.0,762.0,37.0,93.0,1033.0,1163.0,4312.0,1867.0,,,8318.0,,,,4223.0,1768.0,-1022.0,-154.0,592.0,,,,,,,,,,,
Titan Company Limited,L74999TZ1984PLC001456,2016,non_defaulter,Gems & Jewellery,11084.0,698.0,42.0,87.0,888.0,1017.0,3535.0,113.0,,,6308.0,,,,3446.0,567.0,-151.0,-505.0,-89.0,,,,,,,,,,,
Titan Company Limited,L74999TZ1984PLC001456,2015,non_defaulter,Gems & Jewellery,11903.0,823.0,81.0,87.0,1056.0,1224.0,3092.0,100.0,,,5872.0,,,,3003.0,508.0,-124.0,-1004.0,-620.0,,,,,,,,,,,
Trident Limited,L17119PB1990PLC010365,2017,non_defaulter,Textiles,4617.0,337.0,141.0,412.0,438.0,991.0,2725.0,2849.0,,,6150.0,,,,2215.0,1000.0,-168.0,-808.0,23.0,,,,,,,,,,,
Trident Limited,L17119PB1990PLC010365,2016,non_defaulter,Textiles,3665.0,242.0,145.0,337.0,282.0,764.0,2415.0,3503.0,,,6506.0,,,,1906.0,533.0,-1199.0,667.0,1.0,,,,,,,,,,,
Trident Limited,L17119PB1990PLC010365,2015,non_defaulter,Textiles,3735.0,118.0,206.0,321.0,168.0,695.0,1456.0,2580.0,,,4504.0,,,,947.0,544.0,-114.0,-432.0,-2.0,,,,,,,,,,,
UltraTech Cement Limited,L26940MH2000PLC128420,2016,non_defaulter,Cement,23709.0,2370.0,512.0,1297.0,3299.0,5108.0,21631.0,8250.0,,,38291.0,,,,21357.0,4354.0,-3757.0,-582.0,15.0,,,,,,,,,,,
UltraTech Cement Limited,L26940MH2000PLC128420,2015,non_defaulter,Cement,21911.0,2015.0,547.0,1133.0,2886.0,4566.0,18857.0,7414.0,,,35215.0,,,,18583.0,4083.0,-1879.0,-2267.0,-63.0,,,,,,,,,,,
UltraTech Cement Limited,L26940MH2000PLC128420,2014,non_defaulter,Cement,19384.0,2144.0,319.0,1052.0,2776.0,4147.0,17097.0,5199.0,,,29754.0,,,,16823.0,3242.0,-2210.0,-897.0,135.0,,,,,,,,,,,
Vaibhav Global Limited,L36911RJ1989PLC004945,2017,non_defaulter,Gems & Jewellery,482.0,22.0,5.0,8.0,28.0,41.0,508.0,72.0,,,631.0,,,,475.0,33.0,-2.0,-25.0,6.0,,,,,,,,,,,
Vaibhav Global Limited,L36911RJ1989PLC004945,2016,non_defaulter,Gems & Jewellery,361.0,18.0,4.0,6.0,28.0,38.0,476.0,93.0,,,633.0,,,,444.0,-46.0,-15.0,30.0,-31.0,,,,,,,,,,,
Vaibhav Global Limited,L36911RJ1989PLC004945,2015,non_defaulter,Gems & Jewellery,404.0,30.0,5.0,6.0,40.0,51.0,453.0,60.0,,,556.0,,,,421.0,53.0,30.0,-55.0,28.0,,,,,,,,,,,
