company_name,cin,financial_year,cohort,sector,missing_count,missing_columns
ABG Shipyard Ltd,L61200GJ1985PLC007730,2016,defaulter,Shipbuilding,1,capex
ABG Shipyard Ltd,L61200GJ1985PLC007730,2015,defaulter,Shipbuilding,1,capex
ABG Shipyard Ltd,L61200GJ1985PLC007730,2014,defaulter,Shipbuilding,1,capex
Alok Industries Ltd,L17110DN1986PLC000334,2016,defaulter,Textiles,10,current_assets|current_liabilities|cash_and_equivalents|inventory|receivables|capex|opinion_type|auditor_name|contingent_liabilities_amount|promoter_holding_pct
Alok Industries Ltd,L17110DN1986PLC000334,2015,defaulter,Textiles,4,capex|opinion_type|auditor_name|promoter_holding_pct
Alok Industries Ltd,L17110DN1986PLC000334,2013,defaulter,Textiles,4,capex|opinion_type|auditor_name|promoter_holding_pct
Asian Star Company Ltd,L36910MH1995PLC086017,2017,defaulter,Gems & Jewellery,10,current_assets|current_liabilities|cash_and_equivalents|inventory|receivables|capex|opinion_type|auditor_name|contingent_liabilities_amount|promoter_holding_pct
Asian Star Company Ltd,L36910MH1995PLC086017,2016,defaulter,Gems & Jewellery,10,current_assets|current_liabilities|cash_and_equivalents|inventory|receivables|capex|opinion_type|auditor_name|contingent_liabilities_amount|promoter_holding_pct
Asian Star Company Ltd,L36910MH1995PLC086017,2015,defaulter,Gems & Jewellery,10,current_assets|current_liabilities|cash_and_equivalents|inventory|receivables|capex|opinion_type|auditor_name|contingent_liabilities_amount|promoter_holding_pct
Bhushan Steel Limited,L27109DL1990PLC040690,2016,defaulter,Steel & Metals,3,opinion_type|auditor_name|contingent_liabilities_amount
Bhushan Steel Limited,L27109DL1990PLC040690,2015,defaulter,Steel & Metals,3,auditor_name|contingent_liabilities_amount|promoter_holding_pct
Bhushan Steel Limited,L27109DL1990PLC040690,2014,defaulter,Steel & Metals,3,opinion_type|auditor_name|contingent_liabilities_amount
Cox & Kings Limited,L63040MH1939PLC011352,2018,defaulter,Travel / Aviation / Hospitality,10,current_assets|current_liabilities|cash_and_equivalents|inventory|receivables|capex|opinion_type|auditor_name|contingent_liabilities_amount|promoter_holding_pct
Cox & Kings Limited,L63040MH1939PLC011352,2017,defaulter,Travel / Aviation / Hospitality,10,current_assets|current_liabilities|cash_and_equivalents|inventory|receivables|capex|opinion_type|auditor_name|contingent_liabilities_amount|promoter_holding_pct
Cox & Kings Limited,L63040MH1939PLC011352,2016,defaulter,Travel / Aviation / Hospitality,10,current_assets|current_liabilities|cash_and_equivalents|inventory|receivables|capex|opinion_type|auditor_name|contingent_liabilities_amount|promoter_holding_pct
Deccan Chronicle Holdings,L22122TG2002PLC040110,2012,defaulter,Media,4,capex|opinion_type|auditor_name|promoter_holding_pct
Deccan Chronicle Holdings,L22122TG2002PLC040110,2011,defaulter,Media,4,capex|opinion_type|auditor_name|promoter_holding_pct
Deccan Chronicle Holdings,L22122TG2002PLC040110,2010,defaulter,Media,5,capex|opinion_type|auditor_name|contingent_liabilities_amount|promoter_holding_pct
Elder Pharmaceuticals Ltd,L24239MH1983PLC029714,2014,defaulter,Pharma,4,capex|opinion_type|auditor_name|promoter_holding_pct
Elder Pharmaceuticals Ltd,L24239MH1983PLC029714,2013,defaulter,Pharma,4,capex|opinion_type|auditor_name|promoter_holding_pct
Elder Pharmaceuticals Ltd,L24239MH1983PLC029714,2012,defaulter,Pharma,4,capex|opinion_type|auditor_name|promoter_holding_pct
Era Infra Engineering,L74899DL1990PLC041350,2017,defaulter,Infrastructure,10,current_assets|current_liabilities|cash_and_equivalents|inventory|receivables|capex|opinion_type|auditor_name|contingent_liabilities_amount|promoter_holding_pct
Era Infra Engineering,L74899DL1990PLC041350,2016,defaulter,Infrastructure,10,current_assets|current_liabilities|cash_and_equivalents|inventory|receivables|capex|opinion_type|auditor_name|contingent_liabilities_amount|promoter_holding_pct
Era Infra Engineering,L74899DL1990PLC041350,2015,defaulter,Infrastructure,10,current_assets|current_liabilities|cash_and_equivalents|inventory|receivables|capex|opinion_type|auditor_name|contingent_liabilities_amount|promoter_holding_pct
Gammon India Ltd,L74999DL1922PLC000997,2017,defaulter,Infrastructure,4,capex|opinion_type|auditor_name|promoter_holding_pct
Gammon India Ltd,L74999DL1922PLC000997,2016,defaulter,Infrastructure,4,capex|opinion_type|auditor_name|promoter_holding_pct
Gammon India Ltd,L74999DL1922PLC000997,2014,defaulter,Infrastructure,4,capex|opinion_type|auditor_name|promoter_holding_pct
Gitanjali Gems Limited,L36911MH1986PLC040689,2017,defaulter,Gems & Jewellery,1,capex
Gitanjali Gems Limited,L36911MH1986PLC040689,2016,defaulter,Gems & Jewellery,2,capex|opinion_type
Gitanjali Gems Limited,L36911MH1986PLC040689,2015,defaulter,Gems & Jewellery,2,capex|opinion_type
HCC (Hindustan Construction Co Ltd),L26922MH1926PLC000407,2018,defaulter,Infrastructure,3,capex|auditor_name|contingent_liabilities_amount
HCC (Hindustan Construction Co Ltd),L26922MH1926PLC000407,2017,defaulter,Infrastructure,3,capex|auditor_name|contingent_liabilities_amount
HCC (Hindustan Construction Co Ltd),L26922MH1926PLC000407,2016,defaulter,Infrastructure,3,capex|auditor_name|contingent_liabilities_amount
Hanung Toys and Textiles,L74999DL1990PLC041722,2017,defaulter,Textiles,10,current_assets|current_liabilities|cash_and_equivalents|inventory|receivables|capex|opinion_type|auditor_name|contingent_liabilities_amount|promoter_holding_pct
Hanung Toys and Textiles,L74999DL1990PLC041722,2016,defaulter,Textiles,10,current_assets|current_liabilities|cash_and_equivalents|inventory|receivables|capex|opinion_type|auditor_name|contingent_liabilities_amount|promoter_holding_pct
Hanung Toys and Textiles,L74999DL1990PLC041722,2015,defaulter,Textiles,10,current_assets|current_liabilities|cash_and_equivalents|inventory|receivables|capex|opinion_type|auditor_name|contingent_liabilities_amount|promoter_holding_pct
IVRCL Limited,L45201AP1987PLC007959,2016,defaulter,Infrastructure,10,current_assets|current_liabilities|cash_and_equivalents|inventory|receivables|capex|opinion_type|auditor_name|contingent_liabilities_amount|promoter_holding_pct
IVRCL Limited,L45201AP1987PLC007959,2015,defaulter,Infrastructure,10,current_assets|current_liabilities|cash_and_equivalents|inventory|receivables|capex|opinion_type|auditor_name|contingent_liabilities_amount|promoter_holding_pct
IVRCL Limited,L45201AP1987PLC007959,2014,defaulter,Infrastructure,10,current_assets|current_liabilities|cash_and_equivalents|inventory|receivables|capex|opinion_type|auditor_name|contingent_liabilities_amount|promoter_holding_pct
JVL Agro Industries,L15140UP1989PLC011396,2018,defaulter,FMCG / Foods / Agro,10,current_assets|current_liabilities|cash_and_equivalents|inventory|receivables|capex|opinion_type|auditor_name|contingent_liabilities_amount|promoter_holding_pct
JVL Agro Industries,L15140UP1989PLC011396,2017,defaulter,FMCG / Foods / Agro,10,current_assets|current_liabilities|cash_and_equivalents|inventory|receivables|capex|opinion_type|auditor_name|contingent_liabilities_amount|promoter_holding_pct
JVL Agro Industries,L15140UP1989PLC011396,2016,defaulter,FMCG / Foods / Agro,10,current_assets|current_liabilities|cash_and_equivalents|inventory|receivables|capex|opinion_type|auditor_name|contingent_liabilities_amount|promoter_holding_pct
Jaiprakash Associates Ltd,L14106UP1995PLC019017,2016,defaulter,Cement,10,current_assets|current_liabilities|cash_and_equivalents|inventory|receivables|capex|opinion_type|auditor_name|contingent_liabilities_amount|promoter_holding_pct
Jaiprakash Associates Ltd,L14106UP1995PLC019017,2015,defaulter,Cement,10,current_assets|current_liabilities|cash_and_equivalents|inventory|receivables|capex|opinion_type|auditor_name|contingent_liabilities_amount|promoter_holding_pct
Jaiprakash Associates Ltd,L14106UP1995PLC019017,2014,defaulter,Cement,10,current_assets|current_liabilities|cash_and_equivalents|inventory|receivables|capex|opinion_type|auditor_name|contingent_liabilities_amount|promoter_holding_pct
Jaypee Infratech Ltd,L45203UP2007PLC033119,2016,defaulter,Infrastructure,10,current_assets|current_liabilities|cash_and_equivalents|inventory|receivables|capex|opinion_type|auditor_name|contingent_liabilities_amount|promoter_holding_pct
Jaypee Infratech Ltd,L45203UP2007PLC033119,2015,defaulter,Infrastructure,10,current_assets|current_liabilities|cash_and_equivalents|inventory|receivables|capex|opinion_type|auditor_name|contingent_liabilities_amount|promoter_holding_pct
Jaypee Infratech Ltd,L45203UP2007PLC033119,2014,defaulter,Infrastructure,10,current_assets|current_liabilities|cash_and_equivalents|inventory|receivables|capex|opinion_type|auditor_name|contingent_liabilities_amount|promoter_holding_pct
Jyoti Structures Ltd,L45200MH1974PLC017494,2016,defaulter,Infrastructure,10,current_assets|current_liabilities|cash_and_equivalents|inventory|receivables|capex|opinion_type|auditor_name|contingent_liabilities_amount|promoter_holding_pct
Jyoti Structures Ltd,L45200MH1974PLC017494,2015,defaulter,Infrastructure,10,current_assets|current_liabilities|cash_and_equivalents|inventory|receivables|capex|opinion_type|auditor_name|contingent_liabilities_amount|promoter_holding_pct
Jyoti Structures Ltd,L45200MH1974PLC017494,2014,defaulter,Infrastructure,10,current_assets|current_liabilities|cash_and_equivalents|inventory|receivables|capex|opinion_type|auditor_name|contingent_liabilities_amount|promoter_holding_pct
Kingfisher Airlines,L85110KA1995PLC018045,2011,defaulter,Travel / Aviation / Hospitality,10,current_assets|current_liabilities|cash_and_equivalents|inventory|receivables|capex|opinion_type|auditor_name|contingent_liabilities_amount|promoter_holding_pct
Kingfisher Airlines,L85110KA1995PLC018045,2013,defaulter,Travel / Aviation / Hospitality,10,current_assets|current_liabilities|cash_and_equivalents|inventory|receivables|capex|opinion_type|auditor_name|contingent_liabilities_amount|promoter_holding_pct
Kingfisher Airlines,L85110KA1995PLC018045,2012,defaulter,Travel / Aviation / Hospitality,10,current_assets|current_liabilities|cash_and_equivalents|inventory|receivables|capex|opinion_type|auditor_name|contingent_liabilities_amount|promoter_holding_pct
Kwality Ltd,L74899DL1992PLC255519,2017,defaulter,FMCG / Foods / Agro,10,current_assets|current_liabilities|cash_and_equivalents|inventory|receivables|capex|opinion_type|auditor_name|contingent_liabilities_amount|promoter_holding_pct
Kwality Ltd,L74899DL1992PLC255519,2016,defaulter,FMCG / Foods / Agro,10,current_assets|current_liabilities|cash_and_equivalents|inventory|receivables|capex|opinion_type|auditor_name|contingent_liabilities_amount|promoter_holding_pct
Kwality Ltd,L74899DL1992PLC255519,2015,defaulter,FMCG / Foods / Agro,10,current_assets|current_liabilities|cash_and_equivalents|inventory|receivables|capex|opinion_type|auditor_name|contingent_liabilities_amount|promoter_holding_pct
Lanco Infratech Ltd,L45200TG1993PLC015545,2016,defaulter,Infrastructure,10,current_assets|current_liabilities|cash_and_equivalents|inventory|receivables|capex|opinion_type|auditor_name|contingent_liabilities_amount|promoter_holding_pct
Lanco Infratech Ltd,L45200TG1993PLC015545,2015,defaulter,Infrastructure,10,current_assets|current_liabilities|cash_and_equivalents|inventory|receivables|capex|opinion_type|auditor_name|contingent_liabilities_amount|promoter_holding_pct
Lanco Infratech Ltd,L45200TG1993PLC015545,2014,defaulter,Infrastructure,10,current_assets|current_liabilities|cash_and_equivalents|inventory|receivables|capex|opinion_type|auditor_name|contingent_liabilities_amount|promoter_holding_pct
Metalyst Forgings,L28910MH1977PLC019569,2016,defaulter,Engineering / Manufacturing,10,current_assets|current_liabilities|cash_and_equivalents|inventory|receivables|capex|opinion_type|auditor_name|contingent_liabilities_amount|promoter_holding_pct
Metalyst Forgings,L28910MH1977PLC019569,2015,defaulter,Engineering / Manufacturing,10,current_assets|current_liabilities|cash_and_equivalents|inventory|receivables|capex|opinion_type|auditor_name|contingent_liabilities_amount|promoter_holding_pct
Metalyst Forgings,L28910MH1977PLC019569,2014,defaulter,Engineering / Manufacturing,10,current_assets|current_liabilities|cash_and_equivalents|inventory|receivables|capex|opinion_type|auditor_name|contingent_liabilities_amount|promoter_holding_pct
Nakoda Limited,L17111GJ1984PLC045995,2020,defaulter,Textiles,10,current_assets|current_liabilities|cash_and_equivalents|inventory|receivables|capex|opinion_type|auditor_name|contingent_liabilities_amount|promoter_holding_pct
Nakoda Limited,L17111GJ1984PLC045995,2019,defaulter,Textiles,10,current_assets|current_liabilities|cash_and_equivalents|inventory|receivables|capex|opinion_type|auditor_name|contingent_liabilities_amount|promoter_holding_pct
Nakoda Limited,L17111GJ1984PLC045995,2018,defaulter,Textiles,10,current_assets|current_liabilities|cash_and_equivalents|inventory|receivables|capex|opinion_type|auditor_name|contingent_liabilities_amount|promoter_holding_pct
PC Jeweller Ltd,L36911DL2005PLC134929,2022,defaulter,Gems & Jewellery,1,contingent_liabilities_amount
PC Jeweller Ltd,L36911DL2005PLC134929,2021,defaulter,Gems & Jewellery,1,contingent_liabilities_amount
PC Jeweller Ltd,L36911DL2005PLC134929,2020,defaulter,Gems & Jewellery,1,contingent_liabilities_amount
PSL Limited,L67120DD1987PLC002395,2018,defaulter,Engineering / Manufacturing,10,current_assets|current_liabilities|cash_and_equivalents|inventory|receivables|capex|opinion_type|auditor_name|contingent_liabilities_amount|promoter_holding_pct
PSL Limited,L67120DD1987PLC002395,2017,defaulter,Engineering / Manufacturing,10,current_assets|current_liabilities|cash_and_equivalents|inventory|receivables|capex|opinion_type|auditor_name|contingent_liabilities_amount|promoter_holding_pct
PSL Limited,L67120DD1987PLC002395,2016,defaulter,Engineering / Manufacturing,10,current_assets|current_liabilities|cash_and_equivalents|inventory|receivables|capex|opinion_type|auditor_name|contingent_liabilities_amount|promoter_holding_pct
Parekh Aluminex,L27203MH1994PLC080732,2012,defaulter,Engineering / Manufacturing,4,capex|opinion_type|auditor_name|promoter_holding_pct
Parekh Aluminex,L27203MH1994PLC080732,2011,defaulter,Engineering / Manufacturing,4,capex|opinion_type|auditor_name|promoter_holding_pct
Parekh Aluminex,L27203MH1994PLC080732,2010,defaulter,Engineering / Manufacturing,4,capex|opinion_type|auditor_name|promoter_holding_pct
Pratibha Industries,L45200MH1995PLC090760,2017,defaulter,Infrastructure,10,current_assets|current_liabilities|cash_and_equivalents|inventory|receivables|capex|opinion_type|auditor_name|contingent_liabilities_amount|promoter_holding_pct
Pratibha Industries,L45200MH1995PLC090760,2016,defaulter,Infrastructure,10,current_assets|current_liabilities|cash_and_equivalents|inventory|receivables|capex|opinion_type|auditor_name|contingent_liabilities_amount|promoter_holding_pct
Pratibha Industries,L45200MH1995PLC090760,2015,defaulter,Infrastructure,10,current_assets|current_liabilities|cash_and_equivalents|inventory|receivables|capex|opinion_type|auditor_name|contingent_liabilities_amount|promoter_holding_pct
Punj Lloyd Ltd,L74899DL1988PLC033314,2018,defaulter,Infrastructure,10,current_assets|current_liabilities|cash_and_equivalents|inventory|receivables|capex|opinion_type|auditor_name|contingent_liabilities_amount|promoter_holding_pct
Punj Lloyd Ltd,L74899DL1988PLC033314,2017,defaulter,Infrastructure,10,current_assets|current_liabilities|cash_and_equivalents|inventory|receivables|capex|opinion_type|auditor_name|contingent_liabilities_amount|promoter_holding_pct
Punj Lloyd Ltd,L74899DL1988PLC033314,2016,defaulter,Infrastructure,10,current_assets|current_liabilities|cash_and_equivalents|inventory|receivables|capex|opinion_type|auditor_name|contingent_liabilities_amount|promoter_holding_pct
REI Agro,L14200WB1994PLC104573,2016,defaulter,FMCG / Foods / Agro,10,current_assets|current_liabilities|cash_and_equivalents|inventory|receivables|capex|opinion_type|auditor_name|contingent_liabilities_amount|promoter_holding_pct
REI Agro,L14200WB1994PLC104573,2015,defaulter,FMCG / Foods / Agro,10,current_assets|current_liabilities|cash_and_equivalents|inventory|receivables|capex|opinion_type|auditor_name|contingent_liabilities_amount|promoter_holding_pct
REI Agro,L14200WB1994PLC104573,2014,defaulter,FMCG / Foods / Agro,10,current_assets|current_liabilities|cash_and_equivalents|inventory|receivables|capex|opinion_type|auditor_name|contingent_liabilities_amount|promoter_holding_pct
Shree Ganesh Jewellery House,L36911WB2002PLC095086,2015,defaulter,Gems & Jewellery,4,capex|opinion_type|auditor_name|promoter_holding_pct
Shree Ganesh Jewellery House,L36911WB2002PLC095086,2014,defaulter,Gems & Jewellery,4,capex|opinion_type|auditor_name|promoter_holding_pct
Shree Ganesh Jewellery House,L36911WB2002PLC095086,2013,defaulter,Gems & Jewellery,4,capex|opinion_type|auditor_name|promoter_holding_pct
Shree Renuka Sugars Limited,L01542KA1995PLC019046,2022,defaulter,FMCG / Foods / Agro,10,current_assets|current_liabilities|cash_and_equivalents|inventory|receivables|capex|opinion_type|auditor_name|contingent_liabilities_amount|promoter_holding_pct
Shree Renuka Sugars Limited,L01542KA1995PLC019046,2021,defaulter,FMCG / Foods / Agro,10,current_assets|current_liabilities|cash_and_equivalents|inventory|receivables|capex|opinion_type|auditor_name|contingent_liabilities_amount|promoter_holding_pct
Shree Renuka Sugars Limited,L01542KA1995PLC019046,2020,defaulter,FMCG / Foods / Agro,10,current_assets|current_liabilities|cash_and_equivalents|inventory|receivables|capex|opinion_type|auditor_name|contingent_liabilities_amount|promoter_holding_pct
Shri Lakshmi Cotsyn,L17122UP1988PLC009985,2017,defaulter,Textiles,10,current_assets|current_liabilities|cash_and_equivalents|inventory|receivables|capex|opinion_type|auditor_name|contingent_liabilities_amount|promoter_holding_pct
Shri Lakshmi Cotsyn,L17122UP1988PLC009985,2016,defaulter,Textiles,10,current_assets|current_liabilities|cash_and_equivalents|inventory|receivables|capex|opinion_type|auditor_name|contingent_liabilities_amount|promoter_holding_pct
Shri Lakshmi Cotsyn,L17122UP1988PLC009985,2015,defaulter,Textiles,10,current_assets|current_liabilities|cash_and_equivalents|inventory|receivables|capex|opinion_type|auditor_name|contingent_liabilities_amount|promoter_holding_pct
Sical Logistics Ltd,L51909TN1955PLC002431,2020,defaulter,Logistics,10,current_assets|current_liabilities|cash_and_equivalents|inventory|receivables|capex|opinion_type|auditor_name|contingent_liabilities_amount|promoter_holding_pct
Sical Logistics Ltd,L51909TN1955PLC002431,2019,defaulter,Logistics,10,current_assets|current_liabilities|cash_and_equivalents|inventory|receivables|capex|opinion_type|auditor_name|contingent_liabilities_amount|promoter_holding_pct
Sical Logistics Ltd,L51909TN1955PLC002431,2018,defaulter,Logistics,10,current_assets|current_liabilities|cash_and_equivalents|inventory|receivables|capex|opinion_type|auditor_name|contingent_liabilities_amount|promoter_holding_pct
Simbhaoli Sugars Ltd,L15122UP2011PLC044210,2023,defaulter,FMCG / Foods / Agro,10,current_assets|current_liabilities|cash_and_equivalents|inventory|receivables|capex|opinion_type|auditor_name|contingent_liabilities_amount|promoter_holding_pct
Simbhaoli Sugars Ltd,L15122UP2011PLC044210,2022,defaulter,FMCG / Foods / Agro,10,current_assets|current_liabilities|cash_and_equivalents|inventory|receivables|capex|opinion_type|auditor_name|contingent_liabilities_amount|promoter_holding_pct
Simbhaoli Sugars Ltd,L15122UP2011PLC044210,2021,defaulter,FMCG / Foods / Agro,10,current_assets|current_liabilities|cash_and_equivalents|inventory|receivables|capex|opinion_type|auditor_name|contingent_liabilities_amount|promoter_holding_pct
SpiceJet Ltd,L51909DL1984PLC288239,2023,defaulter,Travel / Aviation / Hospitality,10,current_assets|current_liabilities|cash_and_equivalents|inventory|receivables|capex|opinion_type|auditor_name|contingent_liabilities_amount|promoter_holding_pct
SpiceJet Ltd,L51909DL1984PLC288239,2022,defaulter,Travel / Aviation / Hospitality,10,current_assets|current_liabilities|cash_and_equivalents|inventory|receivables|capex|opinion_type|auditor_name|contingent_liabilities_amount|promoter_holding_pct
SpiceJet Ltd,L51909DL1984PLC288239,2021,defaulter,Travel / Aviation / Hospitality,10,current_assets|current_liabilities|cash_and_equivalents|inventory|receivables|capex|opinion_type|auditor_name|contingent_liabilities_amount|promoter_holding_pct
Surya Pharmaceutical,L24232DL1992PLC227186,2014,defaulter,Pharma,5,capex|opinion_type|auditor_name|contingent_liabilities_amount|promoter_holding_pct
Surya Pharmaceutical,L24232DL1992PLC227186,2013,defaulter,Pharma,4,capex|opinion_type|auditor_name|promoter_holding_pct
Surya Pharmaceutical,L24232DL1992PLC227186,2012,defaulter,Pharma,4,capex|opinion_type|auditor_name|promoter_holding_pct
Suzlon Energy Ltd,L40100GJ1995PLC025447,2018,defaulter,Oil & Gas / Energy,10,current_assets|current_liabilities|cash_and_equivalents|inventory|receivables|capex|opinion_type|auditor_name|contingent_liabilities_amount|promoter_holding_pct
Suzlon Energy Ltd,L40100GJ1995PLC025447,2017,defaulter,Oil & Gas / Energy,10,current_assets|current_liabilities|cash_and_equivalents|inventory|receivables|capex|opinion_type|auditor_name|contingent_liabilities_amount|promoter_holding_pct
Suzlon Energy Ltd,L40100GJ1995PLC025447,2016,defaulter,Oil & Gas / Energy,10,current_assets|current_liabilities|cash_and_equivalents|inventory|receivables|capex|opinion_type|auditor_name|contingent_liabilities_amount|promoter_holding_pct
Unity Infraprojects,L99999MH1997PLC107153,2016,defaulter,Infrastructure,10,current_assets|current_liabilities|cash_and_equivalents|inventory|receivables|capex|opinion_type|auditor_name|contingent_liabilities_amount|promoter_holding_pct
Unity Infraprojects,L99999MH1997PLC107153,2015,defaulter,Infrastructure,10,current_assets|current_liabilities|cash_and_equivalents|inventory|receivables|capex|opinion_type|auditor_name|contingent_liabilities_amount|promoter_holding_pct
Unity Infraprojects,L99999MH1997PLC107153,2014,defaulter,Infrastructure,10,current_assets|current_liabilities|cash_and_equivalents|inventory|receivables|capex|opinion_type|auditor_name|contingent_liabilities_amount|promoter_holding_pct
Varun Industries,L28990MH1996PLC097945,2013,defaulter,Steel & Metals,4,capex|opinion_type|auditor_name|promoter_holding_pct
Varun Industries,L28990MH1996PLC097945,2012,defaulter,Steel & Metals,4,capex|opinion_type|auditor_name|promoter_holding_pct
Varun Industries,L28990MH1996PLC097945,2011,defaulter,Steel & Metals,4,capex|opinion_type|auditor_name|promoter_holding_pct
Videocon Industries Ltd,L99999MH1986PLC103624,2017,defaulter,Engineering / Manufacturing,10,current_assets|current_liabilities|cash_and_equivalents|inventory|receivables|capex|opinion_type|auditor_name|contingent_liabilities_amount|promoter_holding_pct
Videocon Industries Ltd,L99999MH1986PLC103624,2016,defaulter,Engineering / Manufacturing,10,current_assets|current_liabilities|cash_and_equivalents|inventory|receivables|capex|opinion_type|auditor_name|contingent_liabilities_amount|promoter_holding_pct
Videocon Industries Ltd,L99999MH1986PLC103624,2015,defaulter,Engineering / Manufacturing,10,current_assets|current_liabilities|cash_and_equivalents|inventory|receivables|capex|opinion_type|auditor_name|contingent_liabilities_amount|promoter_holding_pct
Visa Steel Limited,L51109OR1996PLC004601,2021,defaulter,Steel & Metals,10,current_assets|current_liabilities|cash_and_equivalents|inventory|receivables|capex|opinion_type|auditor_name|contingent_liabilities_amount|promoter_holding_pct
Visa Steel Limited,L51109OR1996PLC004601,2020,defaulter,Steel & Metals,10,current_assets|current_liabilities|cash_and_equivalents|inventory|receivables|capex|opinion_type|auditor_name|contingent_liabilities_amount|promoter_holding_pct
Visa Steel Limited,L51109OR1996PLC004601,2019,defaulter,Steel & Metals,10,current_assets|current_liabilities|cash_and_equivalents|inventory|receivables|capex|opinion_type|auditor_name|contingent_liabilities_amount|promoter_holding_pct
C Mahendra Exports Limited,L27205MH2007PLC166717,2015,defaulter,Gems & Jewellery,4,capex|opinion_type|auditor_name|promoter_holding_pct
C Mahendra Exports Limited,L27205MH2007PLC166717,2014,defaulter,Gems & Jewellery,4,capex|opinion_type|auditor_name|promoter_holding_pct
C Mahendra Exports Limited,L27205MH2007PLC166717,2013,defaulter,Gems & Jewellery,4,capex|opinion_type|auditor_name|promoter_holding_pct
Bajaj Finance Limited,L65910MH1987PLC042961,2023,non_defaulter,NBFC / Leasing,10,current_assets|current_liabilities|cash_and_equivalents|inventory|receivables|capex|opinion_type|auditor_name|contingent_liabilities_amount|promoter_holding_pct
Bajaj Finance Limited,L65910MH1987PLC042961,2022,non_defaulter,NBFC / Leasing,10,current_assets|current_liabilities|cash_and_equivalents|inventory|receivables|capex|opinion_type|auditor_name|contingent_liabilities_amount|promoter_holding_pct
Bajaj Finance Limited,L65910MH1987PLC042961,2021,non_defaulter,NBFC / Leasing,10,current_assets|current_liabilities|cash_and_equivalents|inventory|receivables|capex|opinion_type|auditor_name|contingent_liabilities_amount|promoter_holding_pct
Blue Dart Express Limited,L66000MH1991PLC062329,2018,non_defaulter,Logistics,1,contingent_liabilities_amount
Britannia Industries Limited,L15412WB1918PLC002964,2018,non_defaulter,FMCG / Foods,10,current_assets|current_liabilities|cash_and_equivalents|inventory|receivables|capex|opinion_type|auditor_name|contingent_liabilities_amount|promoter_holding_pct
Britannia Industries Limited,L15412WB1918PLC002964,2017,non_defaulter,FMCG / Foods,10,current_assets|current_liabilities|cash_and_equivalents|inventory|receivables|capex|opinion_type|auditor_name|contingent_liabilities_amount|promoter_holding_pct
Britannia Industries Limited,L15412WB1918PLC002964,2016,non_defaulter,FMCG / Foods,10,current_assets|current_liabilities|cash_and_equivalents|inventory|receivables|capex|opinion_type|auditor_name|contingent_liabilities_amount|promoter_holding_pct
Carborundum Universal Limited,L99999TN1954PLC000759,2017,non_defaulter,Engineering / Manufacturing,10,current_assets|current_liabilities|cash_and_equivalents|inventory|receivables|capex|opinion_type|auditor_name|contingent_liabilities_amount|promoter_holding_pct
Carborundum Universal Limited,L99999TN1954PLC000759,2016,non_defaulter,Engineering / Manufacturing,10,current_assets|current_liabilities|cash_and_equivalents|inventory|receivables|capex|opinion_type|auditor_name|contingent_liabilities_amount|promoter_holding_pct
Carborundum Universal Limited,L99999TN1954PLC000759,2015,non_defaulter,Engineering / Manufacturing,10,current_assets|current_liabilities|cash_and_equivalents|inventory|receivables|capex|opinion_type|auditor_name|contingent_liabilities_amount|promoter_holding_pct
Dilip Buildcon Limited,L45201MP1987PLC003821,2016,non_defaulter,Infrastructure,10,current_assets|current_liabilities|cash_and_equivalents|inventory|receivables|capex|opinion_type|auditor_name|contingent_liabilities_amount|promoter_holding_pct
Dilip Buildcon Limited,L45201MP1987PLC003821,2015,non_defaulter,Infrastructure,10,current_assets|current_liabilities|cash_and_equivalents|inventory|receivables|capex|opinion_type|auditor_name|contingent_liabilities_amount|promoter_holding_pct
Dilip Buildcon Limited,L45201MP1987PLC003821,2014,non_defaulter,Infrastructure,10,current_assets|current_liabilities|cash_and_equivalents|inventory|receivables|capex|opinion_type|auditor_name|contingent_liabilities_amount|promoter_holding_pct
Grasim Industries Limited,L17124MP1947PLC000410,2017,non_defaulter,Textiles,10,current_assets|current_liabilities|cash_and_equivalents|inventory|receivables|capex|opinion_type|auditor_name|contingent_liabilities_amount|promoter_holding_pct
Grasim Industries Limited,L17124MP1947PLC000410,2016,non_defaulter,Textiles,10,current_assets|current_liabilities|cash_and_equivalents|inventory|receivables|capex|opinion_type|auditor_name|contingent_liabilities_amount|promoter_holding_pct
Grasim Industries Limited,L17124MP1947PLC000410,2015,non_defaulter,Textiles,10,current_assets|current_liabilities|cash_and_equivalents|inventory|receivables|capex|opinion_type|auditor_name|contingent_liabilities_amount|promoter_holding_pct
HT Media Limited,L22121DL2002PLC117874,2016,non_defaulter,Media,10,current_assets|current_liabilities|cash_and_equivalents|inventory|receivables|capex|opinion_type|auditor_name|contingent_liabilities_amount|promoter_holding_pct
HT Media Limited,L22121DL2002PLC117874,2015,non_defaulter,Media,10,current_assets|current_liabilities|cash_and_equivalents|inventory|receivables|capex|opinion_type|auditor_name|contingent_liabilities_amount|promoter_holding_pct
HT Media Limited,L22121DL2002PLC117874,2014,non_defaulter,Media,10,current_assets|current_liabilities|cash_and_equivalents|inventory|receivables|capex|opinion_type|auditor_name|contingent_liabilities_amount|promoter_holding_pct
IRB Infrastructure Developers Limited,L65910MH1998PLC115967,2016,non_defaulter,Infrastructure,10,current_assets|current_liabilities|cash_and_equivalents|inventory|receivables|capex|opinion_type|auditor_name|contingent_liabilities_amount|promoter_holding_pct
IRB Infrastructure Developers Limited,L65910MH1998PLC115967,2015,non_defaulter,Infrastructure,10,current_assets|current_liabilities|cash_and_equivalents|inventory|receivables|capex|opinion_type|auditor_name|contingent_liabilities_amount|promoter_holding_pct
IRB Infrastructure Developers Limited,L65910MH1998PLC115967,2014,non_defaulter,Infrastructure,10,current_assets|current_liabilities|cash_and_equivalents|inventory|receivables|capex|opinion_type|auditor_name|contingent_liabilities_amount|promoter_holding_pct
ITC Limited,L16005WB1910PLC001985,2018,non_defaulter,FMCG / Foods,10,current_assets|current_liabilities|cash_and_equivalents|inventory|receivables|capex|opinion_type|auditor_name|contingent_liabilities_amount|promoter_holding_pct
ITC Limited,L16005WB1910PLC001985,2017,non_defaulter,FMCG / Foods,10,current_assets|current_liabilities|cash_and_equivalents|inventory|receivables|capex|opinion_type|auditor_name|contingent_liabilities_amount|promoter_holding_pct
ITC Limited,L16005WB1910PLC001985,2016,non_defaulter,FMCG / Foods,10,current_assets|current_liabilities|cash_and_equivalents|inventory|receivables|capex|opinion_type|auditor_name|contingent_liabilities_amount|promoter_holding_pct
Infosys Limited,L85110KA1981PLC013115,2017,non_defaulter,IT / Services,10,current_assets|current_liabilities|cash_and_equivalents|inventory|receivables|capex|opinion_type|auditor_name|contingent_liabilities_amount|promoter_holding_pct
Infosys Limited,L85110KA1981PLC013115,2016,non_defaulter,IT / Services,10,current_assets|current_liabilities|cash_and_equivalents|inventory|receivables|capex|opinion_type|auditor_name|contingent_liabilities_amount|promoter_holding_pct
Infosys Limited,L85110KA1981PLC013115,2015,non_defaulter,IT / Services,10,current_assets|current_liabilities|cash_and_equivalents|inventory|receivables|capex|opinion_type|auditor_name|contingent_liabilities_amount|promoter_holding_pct
InterGlobe Aviation Limited,L62100DL2004PLC129768,2018,non_defaulter,Travel / Aviation,10,current_assets|current_liabilities|cash_and_equivalents|inventory|receivables|capex|opinion_type|auditor_name|contingent_liabilities_amount|promoter_holding_pct
InterGlobe Aviation Limited,L62100DL2004PLC129768,2017,non_defaulter,Travel / Aviation,10,current_assets|current_liabilities|cash_and_equivalents|inventory|receivables|capex|opinion_type|auditor_name|contingent_liabilities_amount|promoter_holding_pct
InterGlobe Aviation Limited,L62100DL2004PLC129768,2016,non_defaulter,Travel / Aviation,10,current_assets|current_liabilities|cash_and_equivalents|inventory|receivables|capex|opinion_type|auditor_name|contingent_liabilities_amount|promoter_holding_pct
JSW Steel Limited,L27102MH1994PLC152925,2016,non_defaulter,Steel & Metals,10,current_assets|current_liabilities|cash_and_equivalents|inventory|receivables|capex|opinion_type|auditor_name|contingent_liabilities_amount|promoter_holding_pct
JSW Steel Limited,L27102MH1994PLC152925,2015,non_defaulter,Steel & Metals,10,current_assets|current_liabilities|cash_and_equivalents|inventory|receivables|capex|opinion_type|auditor_name|contingent_liabilities_amount|promoter_holding_pct
JSW Steel Limited,L27102MH1994PLC152925,2014,non_defaulter,Steel & Metals,10,current_assets|current_liabilities|cash_and_equivalents|inventory|receivables|capex|opinion_type|auditor_name|contingent_liabilities_amount|promoter_holding_pct
KEC International Limited,L45200MH2005PLC152061,2016,non_defaulter,Infrastructure,10,current_assets|current_liabilities|cash_and_equivalents|inventory|receivables|capex|opinion_type|auditor_name|contingent_liabilities_amount|promoter_holding_pct
KEC International Limited,L45200MH2005PLC152061,2015,non_defaulter,Infrastructure,10,current_assets|current_liabilities|cash_and_equivalents|inventory|receivables|capex|opinion_type|auditor_name|contingent_liabilities_amount|promoter_holding_pct
KEC International Limited,L45200MH2005PLC152061,2014,non_defaulter,Infrastructure,10,current_assets|current_liabilities|cash_and_equivalents|inventory|receivables|capex|opinion_type|auditor_name|contingent_liabilities_amount|promoter_holding_pct
Kalpataru Projects International Limited,L45203GJ1981PLC103919,2016,non_defaulter,Infrastructure,10,current_assets|current_liabilities|cash_and_equivalents|inventory|receivables|capex|opinion_type|auditor_name|contingent_liabilities_amount|promoter_holding_pct
Kalpataru Projects International Limited,L45203GJ1981PLC103919,2015,non_defaulter,Infrastructure,10,current_assets|current_liabilities|cash_and_equivalents|inventory|receivables|capex|opinion_type|auditor_name|contingent_liabilities_amount|promoter_holding_pct
Kalpataru Projects International Limited,L45203GJ1981PLC103919,2014,non_defaulter,Infrastructure,10,current_assets|current_liabilities|cash_and_equivalents|inventory|receivables|capex|opinion_type|auditor_name|contingent_liabilities_amount|promoter_holding_pct
Kalyan Jewellers India Limited,L36911KL2009PLC024641,2017,non_defaulter,Gems & Jewellery,10,current_assets|current_liabilities|cash_and_equivalents|inventory|receivables|capex|opinion_type|auditor_name|contingent_liabilities_amount|promoter_holding_pct
Kalyan Jewellers India Limited,L36911KL2009PLC024641,2016,non_defaulter,Gems & Jewellery,10,current_assets|current_liabilities|cash_and_equivalents|inventory|receivables|capex|opinion_type|auditor_name|contingent_liabilities_amount|promoter_holding_pct
Kalyan Jewellers India Limited,L36911KL2009PLC024641,2018,non_defaulter,Gems & Jewellery,10,current_assets|current_liabilities|cash_and_equivalents|inventory|receivables|capex|opinion_type|auditor_name|contingent_liabilities_amount|promoter_holding_pct
Larsen & Toubro Limited,L99999MH1946PLC004768,2016,non_defaulter,Infrastructure,10,current_assets|current_liabilities|cash_and_equivalents|inventory|receivables|capex|opinion_type|auditor_name|contingent_liabilities_amount|promoter_holding_pct
Larsen & Toubro Limited,L99999MH1946PLC004768,2015,non_defaulter,Infrastructure,10,current_assets|current_liabilities|cash_and_equivalents|inventory|receivables|capex|opinion_type|auditor_name|contingent_liabilities_amount|promoter_holding_pct
Larsen & Toubro Limited,L99999MH1946PLC004768,2014,non_defaulter,Infrastructure,10,current_assets|current_liabilities|cash_and_equivalents|inventory|receivables|capex|opinion_type|auditor_name|contingent_liabilities_amount|promoter_holding_pct
Lemon Tree Hotels Limited,L74899DL1992PLC049022,2018,non_defaulter,Travel / Hospitality,10,current_assets|current_liabilities|cash_and_equivalents|inventory|receivables|capex|opinion_type|auditor_name|contingent_liabilities_amount|promoter_holding_pct
Lemon Tree Hotels Limited,L74899DL1992PLC049022,2017,non_defaulter,Travel / Hospitality,10,current_assets|current_liabilities|cash_and_equivalents|inventory|receivables|capex|opinion_type|auditor_name|contingent_liabilities_amount|promoter_holding_pct
Lemon Tree Hotels Limited,L74899DL1992PLC049022,2016,non_defaulter,Travel / Hospitality,10,current_assets|current_liabilities|cash_and_equivalents|inventory|receivables|capex|opinion_type|auditor_name|contingent_liabilities_amount|promoter_holding_pct
NCC Limited,L72200TG1990PLC011146,2016,non_defaulter,Infrastructure,10,current_assets|current_liabilities|cash_and_equivalents|inventory|receivables|capex|opinion_type|auditor_name|contingent_liabilities_amount|promoter_holding_pct
NCC Limited,L72200TG1990PLC011146,2015,non_defaulter,Infrastructure,10,current_assets|current_liabilities|cash_and_equivalents|inventory|receivables|capex|opinion_type|auditor_name|contingent_liabilities_amount|promoter_holding_pct
NCC Limited,L72200TG1990PLC011146,2014,non_defaulter,Infrastructure,10,current_assets|current_liabilities|cash_and_equivalents|inventory|receivables|capex|opinion_type|auditor_name|contingent_liabilities_amount|promoter_holding_pct
Nestle India Limited,L15202DL1959PLC003786,2018,non_defaulter,FMCG / Foods,10,current_assets|current_liabilities|cash_and_equivalents|inventory|receivables|capex|opinion_type|auditor_name|contingent_liabilities_amount|promoter_holding_pct
Nestle India Limited,L15202DL1959PLC003786,2017,non_defaulter,FMCG / Foods,10,current_assets|current_liabilities|cash_and_equivalents|inventory|receivables|capex|opinion_type|auditor_name|contingent_liabilities_amount|promoter_holding_pct
Nestle India Limited,L15202DL1959PLC003786,2016,non_defaulter,FMCG / Foods,10,current_assets|current_liabilities|cash_and_equivalents|inventory|receivables|capex|opinion_type|auditor_name|contingent_liabilities_amount|promoter_holding_pct
PNC Infratech Limited,L45201UP1999PLC024640,2016,non_defaulter,Infrastructure,10,current_assets|current_liabilities|cash_and_equivalents|inventory|receivables|capex|opinion_type|auditor_name|contingent_liabilities_amount|promoter_holding_pct
PNC Infratech Limited,L45201UP1999PLC024640,2015,non_defaulter,Infrastructure,10,current_assets|current_liabilities|cash_and_equivalents|inventory|receivables|capex|opinion_type|auditor_name|contingent_liabilities_amount|promoter_holding_pct
PNC Infratech Limited,L45201UP1999PLC024640,2014,non_defaulter,Infrastructure,10,current_assets|current_liabilities|cash_and_equivalents|inventory|receivables|capex|opinion_type|auditor_name|contingent_liabilities_amount|promoter_holding_pct
Rajesh Exports Limited,L36911KA1990PLC020815,2017,non_defaulter,Gems & Jewellery,10,current_assets|current_liabilities|cash_and_equivalents|inventory|receivables|capex|opinion_type|auditor_name|contingent_liabilities_amount|promoter_holding_pct
Rajesh Exports Limited,L36911KA1990PLC020815,2016,non_defaulter,Gems & Jewellery,10,current_assets|current_liabilities|cash_and_equivalents|inventory|receivables|capex|opinion_type|auditor_name|contingent_liabilities_amount|promoter_holding_pct
Rajesh Exports Limited,L36911KA1990PLC020815,2015,non_defaulter,Gems & Jewellery,10,current_assets|current_liabilities|cash_and_equivalents|inventory|receivables|capex|opinion_type|auditor_name|contingent_liabilities_amount|promoter_holding_pct
Raymond Limited,L17117MH1925PLC001208,2017,non_defaulter,Textiles,10,current_assets|current_liabilities|cash_and_equivalents|inventory|receivables|capex|opinion_type|auditor_name|contingent_liabilities_amount|promoter_holding_pct
Raymond Limited,L17117MH1925PLC001208,2016,non_defaulter,Textiles,10,current_assets|current_liabilities|cash_and_equivalents|inventory|receivables|capex|opinion_type|auditor_name|contingent_liabilities_amount|promoter_holding_pct
Raymond Limited,L17117MH1925PLC001208,2015,non_defaulter,Textiles,10,current_assets|current_liabilities|cash_and_equivalents|inventory|receivables|capex|opinion_type|auditor_name|contingent_liabilities_amount|promoter_holding_pct
SKF India Limited,L29130MH1961PLC011980,2017,non_defaulter,Engineering / Manufacturing,10,current_assets|current_liabilities|cash_and_equivalents|inventory|receivables|capex|opinion_type|auditor_name|contingent_liabilities_amount|promoter_holding_pct
SKF India Limited,L29130MH1961PLC011980,2016,non_defaulter,Engineering / Manufacturing,10,current_assets|current_liabilities|cash_and_equivalents|inventory|receivables|capex|opinion_type|auditor_name|contingent_liabilities_amount|promoter_holding_pct
SKF India Limited,L29130MH1961PLC011980,2014,non_defaulter,Engineering / Manufacturing,10,current_assets|current_liabilities|cash_and_equivalents|inventory|receivables|capex|opinion_type|auditor_name|contingent_liabilities_amount|promoter_holding_pct
Schaeffler India Limited,L29130GJ1962PLC001167,2017,non_defaulter,Engineering / Manufacturing,10,current_assets|current_liabilities|cash_and_equivalents|inventory|receivables|capex|opinion_type|auditor_name|contingent_liabilities_amount|promoter_holding_pct
Schaeffler India Limited,L29130GJ1962PLC001167,2016,non_defaulter,Engineering / Manufacturing,10,current_assets|current_liabilities|cash_and_equivalents|inventory|receivables|capex|opinion_type|auditor_name|contingent_liabilities_amount|promoter_holding_pct
Schaeffler India Limited,L29130GJ1962PLC001167,2015,non_defaulter,Engineering / Manufacturing,10,current_assets|current_liabilities|cash_and_equivalents|inventory|receivables|capex|opinion_type|auditor_name|contingent_liabilities_amount|promoter_holding_pct
Senco Gold Limited,L36911WB1994PLC063674,2020,non_defaulter,Gems & Jewellery,10,current_assets|current_liabilities|cash_and_equivalents|inventory|receivables|capex|opinion_type|auditor_name|contingent_liabilities_amount|promoter_holding_pct
Senco Gold Limited,L36911WB1994PLC063674,2019,non_defaulter,Gems & Jewellery,10,current_assets|current_liabilities|cash_and_equivalents|inventory|receivables|capex|opinion_type|auditor_name|contingent_liabilities_amount|promoter_holding_pct
Senco Gold Limited,L36911WB1994PLC063674,2018,non_defaulter,Gems & Jewellery,10,current_assets|current_liabilities|cash_and_equivalents|inventory|receivables|capex|opinion_type|auditor_name|contingent_liabilities_amount|promoter_holding_pct
Siemens Limited,L28920MH1957PLC010839,2017,non_defaulter,Engineering / Manufacturing,10,current_assets|current_liabilities|cash_and_equivalents|inventory|receivables|capex|opinion_type|auditor_name|contingent_liabilities_amount|promoter_holding_pct
Siemens Limited,L28920MH1957PLC010839,2016,non_defaulter,Engineering / Manufacturing,10,current_assets|current_liabilities|cash_and_equivalents|inventory|receivables|capex|opinion_type|auditor_name|contingent_liabilities_amount|promoter_holding_pct
Siemens Limited,L28920MH1957PLC010839,2015,non_defaulter,Engineering / Manufacturing,10,current_assets|current_liabilities|cash_and_equivalents|inventory|receivables|capex|opinion_type|auditor_name|contingent_liabilities_amount|promoter_holding_pct
Steel Authority of India Limited,L27109DL1973GOI006454,2016,non_defaulter,Steel & Metals,10,current_assets|current_liabilities|cash_and_equivalents|inventory|receivables|capex|opinion_type|auditor_name|contingent_liabilities_amount|promoter_holding_pct
Steel Authority of India Limited,L27109DL1973GOI006454,2015,non_defaulter,Steel & Metals,10,current_assets|current_liabilities|cash_and_equivalents|inventory|receivables|capex|opinion_type|auditor_name|contingent_liabilities_amount|promoter_holding_pct
Steel Authority of India Limited,L27109DL1973GOI006454,2014,non_defaulter,Steel & Metals,10,current_assets|current_liabilities|cash_and_equivalents|inventory|receivables|capex|opinion_type|auditor_name|contingent_liabilities_amount|promoter_holding_pct
Sun Pharmaceutical Industries Limited,L24230GJ1993PLC019050,2016,non_defaulter,Pharma,10,current_assets|current_liabilities|cash_and_equivalents|inventory|receivables|capex|opinion_type|auditor_name|contingent_liabilities_amount|promoter_holding_pct
Sun Pharmaceutical Industries Limited,L24230GJ1993PLC019050,2015,non_defaulter,Pharma,10,current_assets|current_liabilities|cash_and_equivalents|inventory|receivables|capex|opinion_type|auditor_name|contingent_liabilities_amount|promoter_holding_pct
Sun Pharmaceutical Industries Limited,L24230GJ1993PLC019050,2014,non_defaulter,Pharma,10,current_assets|current_liabilities|cash_and_equivalents|inventory|receivables|capex|opinion_type|auditor_name|contingent_liabilities_amount|promoter_holding_pct
Tata Elxsi Limited,L85110KA1989PLC009968,2017,non_defaulter,IT / Services,10,current_assets|current_liabilities|cash_and_equivalents|inventory|receivables|capex|opinion_type|auditor_name|contingent_liabilities_amount|promoter_holding_pct
Tata Elxsi Limited,L85110KA1989PLC009968,2016,non_defaulter,IT / Services,10,current_assets|current_liabilities|cash_and_equivalents|inventory|receivables|capex|opinion_type|auditor_name|contingent_liabilities_amount|promoter_holding_pct
Tata Elxsi Limited,L85110KA1989PLC009968,2015,non_defaulter,IT / Services,10,current_assets|current_liabilities|cash_and_equivalents|inventory|receivables|capex|opinion_type|auditor_name|contingent_liabilities_amount|promoter_holding_pct
Tata Steel Limited,L27100WB1907PLC001473,2016,non_defaulter,Steel & Metals,10,current_assets|current_liabilities|cash_and_equivalents|inventory|receivables|capex|opinion_type|auditor_name|contingent_liabilities_amount|promoter_holding_pct
Tata Steel Limited,L27100WB1907PLC001473,2015,non_defaulter,Steel & Metals,10,current_assets|current_liabilities|cash_and_equivalents|inventory|receivables|capex|opinion_type|auditor_name|contingent_liabilities_amount|promoter_holding_pct
Tata Steel Limited,L27100WB1907PLC001473,2014,non_defaulter,Steel & Metals,10,current_assets|current_liabilities|cash_and_equivalents|inventory|receivables|capex|opinion_type|auditor_name|contingent_liabilities_amount|promoter_holding_pct
Thermax Limited,L29299PN1980PLC022787,2017,non_defaulter,Engineering / Manufacturing,10,current_assets|current_liabilities|cash_and_equivalents|inventory|receivables|capex|opinion_type|auditor_name|contingent_liabilities_amount|promoter_holding_pct
Thermax Limited,L29299PN1980PLC022787,2016,non_defaulter,Engineering / Manufacturing,10,current_assets|current_liabilities|cash_and_equivalents|inventory|receivables|capex|opinion_type|auditor_name|contingent_liabilities_amount|promoter_holding_pct
Thermax Limited,L29299PN1980PLC022787,2015,non_defaulter,Engineering / Manufacturing,10,current_assets|current_liabilities|cash_and_equivalents|inventory|receivables|capex|opinion_type|auditor_name|contingent_liabilities_amount|promoter_holding_pct
Timken India Limited,L29130KA1996PLC048230,2017,non_defaulter,Engineering / Manufacturing,10,current_assets|current_liabilities|cash_and_equivalents|inventory|receivables|capex|opinion_type|auditor_name|contingent_liabilities_amount|promoter_holding_pct
Timken India Limited,L29130KA1996PLC048230,2016,non_defaulter,Engineering / Manufacturing,10,current_assets|current_liabilities|cash_and_equivalents|inventory|receivables|capex|opinion_type|auditor_name|contingent_liabilities_amount|promoter_holding_pct
Timken India Limited,L29130KA1996PLC048230,2015,non_defaulter,Engineering / Manufacturing,10,current_assets|current_liabilities|cash_and_equivalents|inventory|receivables|capex|opinion_type|auditor_name|contingent_liabilities_amount|promoter_holding_pct
Titan Company Limited,L74999TZ1984PLC001456,2017,non_defaulter,Gems & Jewellery,10,current_assets|current_liabilities|cash_and_equivalents|inventory|receivables|capex|opinion_type|auditor_name|contingent_liabilities_amount|promoter_holding_pct
Titan Company Limited,L74999TZ1984PLC001456,2016,non_defaulter,Gems & Jewellery,10,current_assets|current_liabilities|cash_and_equivalents|inventory|receivables|capex|opinion_type|auditor_name|contingent_liabilities_amount|promoter_holding_pct
Titan Company Limited,L74999TZ1984PLC001456,2015,non_defaulter,Gems & Jewellery,10,current_assets|current_liabilities|cash_and_equivalents|inventory|receivables|capex|opinion_type|auditor_name|contingent_liabilities_amount|promoter_holding_pct
Trident Limited,L17119PB1990PLC010365,2017,non_defaulter,Textiles,10,current_assets|current_liabilities|cash_and_equivalents|inventory|receivables|capex|opinion_type|auditor_name|contingent_liabilities_amount|promoter_holding_pct
Trident Limited,L17119PB1990PLC010365,2016,non_defaulter,Textiles,10,current_assets|current_liabilities|cash_and_equivalents|inventory|receivables|capex|opinion_type|auditor_name|contingent_liabilities_amount|promoter_holding_pct
Trident Limited,L17119PB1990PLC010365,2015,non_defaulter,Textiles,10,current_assets|current_liabilities|cash_and_equivalents|inventory|receivables|capex|opinion_type|auditor_name|contingent_liabilities_amount|promoter_holding_pct
UltraTech Cement Limited,L26940MH2000PLC128420,2016,non_defaulter,Cement,10,current_assets|current_liabilities|cash_and_equivalents|inventory|receivables|capex|opinion_type|auditor_name|contingent_liabilities_amount|promoter_holding_pct
UltraTech Cement Limited,L26940MH2000PLC128420,2015,non_defaulter,Cement,10,current_assets|current_liabilities|cash_and_equivalents|inventory|receivables|capex|opinion_type|auditor_name|contingent_liabilities_amount|promoter_holding_pct
UltraTech Cement Limited,L26940MH2000PLC128420,2014,non_defaulter,Cement,10,current_assets|current_liabilities|cash_and_equivalents|inventory|receivables|capex|opinion_type|auditor_name|contingent_liabilities_amount|promoter_holding_pct
Vaibhav Global Limited,L36911RJ1989PLC004945,2017,non_defaulter,Gems & Jewellery,10,current_assets|current_liabilities|cash_and_equivalents|inventory|receivables|capex|opinion_type|auditor_name|contingent_liabilities_amount|promoter_holding_pct
Vaibhav Global Limited,L36911RJ1989PLC004945,2016,non_defaulter,Gems & Jewellery,10,current_assets|current_liabilities|cash_and_equivalents|inventory|receivables|capex|opinion_type|auditor_name|contingent_liabilities_amount|promoter_holding_pct
Vaibhav Global Limited,L36911RJ1989PLC004945,2015,non_defaulter,Gems & Jewellery,10,current_assets|current_liabilities|cash_and_equivalents|inventory|receivables|capex|opinion_type|auditor_name|contingent_liabilities_amount|promoter_holding_pct
TBZ - The Bride's Jeweller,L27205MH2007PLC167425,2017,non_defaulter,Gems & Jewellery,10,current_assets|current_liabilities|cash_and_equivalents|inventory|receivables|capex|opinion_type|auditor_name|contingent_liabilities_amount|promoter_holding_pct
TBZ - The Bride's Jeweller,L27205MH2007PLC167425,2016,non_defaulter,Gems & Jewellery,10,current_assets|current_liabilities|cash_and_equivalents|inventory|receivables|capex|opinion_type|auditor_name|contingent_liabilities_amount|promoter_holding_pct
TBZ - The Bride's Jeweller,L27205MH2007PLC167425,2015,non_defaulter,Gems & Jewellery,10,current_assets|current_liabilities|cash_and_equivalents|inventory|receivables|capex|opinion_type|auditor_name|contingent_liabilities_amount|promoter_holding_pct
Jindal Steel & Power Limited,L27105HR1979PLC009913,2017,non_defaulter,Steel & Metals,10,current_assets|current_liabilities|cash_and_equivalents|inventory|receivables|capex|opinion_type|auditor_name|contingent_liabilities_amount|promoter_holding_pct
Jindal Steel & Power Limited,L27105HR1979PLC009913,2016,non_defaulter,Steel & Metals,10,current_assets|current_liabilities|cash_and_equivalents|inventory|receivables|capex|opinion_type|auditor_name|contingent_liabilities_amount|promoter_holding_pct
Jindal Steel & Power Limited,L27105HR1979PLC009913,2015,non_defaulter,Steel & Metals,10,current_assets|current_liabilities|cash_and_equivalents|inventory|receivables|capex|opinion_type|auditor_name|contingent_liabilities_amount|promoter_holding_pct
Welspun India Limited,L17119GJ1985PLC033347,2017,non_defaulter,Textiles,10,current_assets|current_liabilities|cash_and_equivalents|inventory|receivables|capex|opinion_type|auditor_name|contingent_liabilities_amount|promoter_holding_pct
Welspun India Limited,L17119GJ1985PLC033347,2016,non_defaulter,Textiles,10,current_assets|current_liabilities|cash_and_equivalents|inventory|receivables|capex|opinion_type|auditor_name|contingent_liabilities_amount|promoter_holding_pct
Welspun India Limited,L17119GJ1985PLC033347,2015,non_defaulter,Textiles,10,current_assets|current_liabilities|cash_and_equivalents|inventory|receivables|capex|opinion_type|auditor_name|contingent_liabilities_amount|promoter_holding_pct
Dr Reddy's Laboratories Limited,L85195TG1984PLC004507,2017,non_defaulter,Pharma,10,current_assets|current_liabilities|cash_and_equivalents|inventory|receivables|capex|opinion_type|auditor_name|contingent_liabilities_amount|promoter_holding_pct
Dr Reddy's Laboratories Limited,L85195TG1984PLC004507,2016,non_defaulter,Pharma,10,current_assets|current_liabilities|cash_and_equivalents|inventory|receivables|capex|opinion_type|auditor_name|contingent_liabilities_amount|promoter_holding_pct
Dr Reddy's Laboratories Limited,L85195TG1984PLC004507,2015,non_defaulter,Pharma,10,current_assets|current_liabilities|cash_and_equivalents|inventory|receivables|capex|opinion_type|auditor_name|contingent_liabilities_amount|promoter_holding_pct
Indian Hotels Company Limited,L74999MH1902PLC000183,2017,non_defaulter,Travel / Hospitality,10,current_assets|current_liabilities|cash_and_equivalents|inventory|receivables|capex|opinion_type|auditor_name|contingent_liabilities_amount|promoter_holding_pct
Indian Hotels Company Limited,L74999MH1902PLC000183,2016,non_defaulter,Travel / Hospitality,10,current_assets|current_liabilities|cash_and_equivalents|inventory|receivables|capex|opinion_type|auditor_name|contingent_liabilities_amount|promoter_holding_pct
Indian Hotels Company Limited,L74999MH1902PLC000183,2015,non_defaulter,Travel / Hospitality,10,current_assets|current_liabilities|cash_and_equivalents|inventory|receivables|capex|opinion_type|auditor_name|contingent_liabilities_amount|promoter_holding_pct
Oil and Natural Gas Corporation Limited,L74899DL1993GOI054155,2017,non_defaulter,Oil & Gas,10,current_assets|current_liabilities|cash_and_equivalents|inventory|receivables|capex|opinion_type|auditor_name|contingent_liabilities_amount|promoter_holding_pct
Oil and Natural Gas Corporation Limited,L74899DL1993GOI054155,2016,non_defaulter,Oil & Gas,10,current_assets|current_liabilities|cash_and_equivalents|inventory|receivables|capex|opinion_type|auditor_name|contingent_liabilities_amount|promoter_holding_pct
Oil and Natural Gas Corporation Limited,L74899DL1993GOI054155,2015,non_defaulter,Oil & Gas,10,current_assets|current_liabilities|cash_and_equivalents|inventory|receivables|capex|opinion_type|auditor_name|contingent_liabilities_amount|promoter_holding_pct
Housing Development and Infra,L70100MH1996PLC101379,2016,defaulter,Real Estate,10,current_assets|current_liabilities|cash_and_equivalents|inventory|receivables|capex|opinion_type|auditor_name|contingent_liabilities_amount|promoter_holding_pct
Housing Development and Infra,L70100MH1996PLC101379,2017,defaulter,Real Estate,10,current_assets|current_liabilities|cash_and_equivalents|inventory|receivables|capex|opinion_type|auditor_name|contingent_liabilities_amount|promoter_holding_pct
Housing Development and Infra,L70100MH1996PLC101379,2018,defaulter,Real Estate,10,current_assets|current_liabilities|cash_and_equivalents|inventory|receivables|capex|opinion_type|auditor_name|contingent_liabilities_amount|promoter_holding_pct
Monnet Ispat & Energy Ltd,L02710CT1990PLC009826,2014,defaulter,Steel & Metals,10,current_assets|current_liabilities|cash_and_equivalents|inventory|receivables|capex|opinion_type|auditor_name|contingent_liabilities_amount|promoter_holding_pct
Monnet Ispat & Energy Ltd,L02710CT1990PLC009826,2015,defaulter,Steel & Metals,10,current_assets|current_liabilities|cash_and_equivalents|inventory|receivables|capex|opinion_type|auditor_name|contingent_liabilities_amount|promoter_holding_pct
Monnet Ispat & Energy Ltd,L02710CT1990PLC009826,2016,defaulter,Steel & Metals,10,current_assets|current_liabilities|cash_and_equivalents|inventory|receivables|capex|opinion_type|auditor_name|contingent_liabilities_amount|promoter_holding_pct
Ruchi Soya Industries Ltd,L15140MH1986PLC038536,2014,defaulter,FMCG / Foods / Agro,10,current_assets|current_liabilities|cash_and_equivalents|inventory|receivables|capex|opinion_type|auditor_name|contingent_liabilities_amount|promoter_holding_pct
Ruchi Soya Industries Ltd,L15140MH1986PLC038536,2015,defaulter,FMCG / Foods / Agro,10,current_assets|current_liabilities|cash_and_equivalents|inventory|receivables|capex|opinion_type|auditor_name|contingent_liabilities_amount|promoter_holding_pct
Ruchi Soya Industries Ltd,L15140MH1986PLC038536,2016,defaulter,FMCG / Foods / Agro,10,current_assets|current_liabilities|cash_and_equivalents|inventory|receivables|capex|opinion_type|auditor_name|contingent_liabilities_amount|promoter_holding_pct
SVOGL Oil Gas and Energy,L74899DL1989PLC038542,2013,defaulter,Oil & Gas / Energy,10,current_assets|current_liabilities|cash_and_equivalents|inventory|receivables|capex|opinion_type|auditor_name|contingent_liabilities_amount|promoter_holding_pct
SVOGL Oil Gas and Energy,L74899DL1989PLC038542,2014,defaulter,Oil & Gas / Energy,10,current_assets|current_liabilities|cash_and_equivalents|inventory|receivables|capex|opinion_type|auditor_name|contingent_liabilities_amount|promoter_holding_pct
SVOGL Oil Gas and Energy,L74899DL1989PLC038542,2015,defaulter,Oil & Gas / Energy,10,current_assets|current_liabilities|cash_and_equivalents|inventory|receivables|capex|opinion_type|auditor_name|contingent_liabilities_amount|promoter_holding_pct
First Leasing Co of India,L65910TN1973PLC006423,2011,defaulter,NBFC / Leasing,10,current_assets|current_liabilities|cash_and_equivalents|inventory|receivables|capex|opinion_type|auditor_name|contingent_liabilities_amount|promoter_holding_pct
First Leasing Co of India,L65910TN1973PLC006423,2012,defaulter,NBFC / Leasing,10,current_assets|current_liabilities|cash_and_equivalents|inventory|receivables|capex|opinion_type|auditor_name|contingent_liabilities_amount|promoter_holding_pct
First Leasing Co of India,L65910TN1973PLC006423,2013,defaulter,NBFC / Leasing,10,current_assets|current_liabilities|cash_and_equivalents|inventory|receivables|capex|opinion_type|auditor_name|contingent_liabilities_amount|promoter_holding_pct
Winsome Diamonds and Jewellery,L36910GJ1985PLC015915,2011,defaulter,Gems & Jewellery,10,current_assets|current_liabilities|cash_and_equivalents|inventory|receivables|capex|opinion_type|auditor_name|contingent_liabilities_amount|promoter_holding_pct
Winsome Diamonds and Jewellery,L36910GJ1985PLC015915,2012,defaulter,Gems & Jewellery,10,current_assets|current_liabilities|cash_and_equivalents|inventory|receivables|capex|opinion_type|auditor_name|contingent_liabilities_amount|promoter_holding_pct
Moser Baer India,L51909DL1983PLC015418,2013,defaulter,Engineering / Manufacturing,10,current_assets|current_liabilities|cash_and_equivalents|inventory|receivables|capex|opinion_type|auditor_name|contingent_liabilities_amount|promoter_holding_pct
Moser Baer India,L51909DL1983PLC015418,2015,defaulter,Engineering / Manufacturing,10,current_assets|current_liabilities|cash_and_equivalents|inventory|receivables|capex|opinion_type|auditor_name|contingent_liabilities_amount|promoter_holding_pct
Moser Baer India,L51909DL1983PLC015418,2016,defaulter,Engineering / Manufacturing,10,current_assets|current_liabilities|cash_and_equivalents|inventory|receivables|capex|opinion_type|auditor_name|contingent_liabilities_amount|promoter_holding_pct
S Kumars Nationwide,L17120MH1990PLC058361,2011,defaulter,Textiles,10,current_assets|current_liabilities|cash_and_equivalents|inventory|receivables|capex|opinion_type|auditor_name|contingent_liabilities_amount|promoter_holding_pct
S Kumars Nationwide,L17120MH1990PLC058361,2012,defaulter,Textiles,10,current_assets|current_liabilities|cash_and_equivalents|inventory|receivables|capex|opinion_type|auditor_name|contingent_liabilities_amount|promoter_holding_pct
S Kumars Nationwide,L17120MH1990PLC058361,2013,defaulter,Textiles,10,current_assets|current_liabilities|cash_and_equivalents|inventory|receivables|capex|opinion_type|auditor_name|contingent_liabilities_amount|promoter_holding_pct
Winsome Diamonds and Jewellery,L36910GJ1985PLC015915,2010,defaulter,Gems & Jewellery,10,current_assets|current_liabilities|cash_and_equivalents|inventory|receivables|capex|opinion_type|auditor_name|contingent_liabilities_amount|promoter_holding_pct
